Author Name,Author ID,Date,Post Text,Replies,Likes,Reshares,Views
Charles Russo,@Charles_M_Russo,2016-07-06T15:42:20.000Z,3D printed  Chinese villa is virtually indestructible  #3dprinting http:// 052/3d-printed-home-china-concrete-architecture ‚Ä¶,0,4,6,0
3DPrintingTrends,@3DPrintingScan,2016-07-06T16:38:18.000Z,3D Printed  Super Mario Bros. Artwork to be Awarded to a Lucky Winner at Summer Games Done Quick 2016  http://,0,0,0,0
NG3D 3D Printing,@ng3dprinting,2016-07-06T18:41:05.000Z,Star Trek Competition Takes  3D Printing  to Space  http:// #3DPrinting #3DPrint #3D,0,0,0,0
disrupt,@disruptideas1,2016-07-06T17:11:38.000Z,"The world of  3D printing  is definitely a fun one, full of endless creativity and innovation. In..  http:// #Disrupt",0,0,0,0
Dan Searle,@dans760,2016-07-06T19:06:46.000Z,Stratasys at EBS 2016: How  3D Printing  Can Transform Business Models  https://,0,0,0,0
3D Printing,@3dprinting3d,2016-07-06T17:00:41.000Z,Juno's  #3DPrinted  parts survive their trip and entry into  #Jupiter 's orbit -->  http://,0,1,2,0
Rocket Code,@rocketcodehq,2016-07-06T19:14:15.000Z,What happened to the  3D printing  revolution? This and more in the latest Rover. Sign up and peruse archives here:  http://,0,0,0,0
FutuRaptor,@futuraptorr,2016-07-06T16:59:24.000Z,RT: Juno took  3D-printed  parts further into space than ever  http:// https://,1,0,0,0
3dprintfeed,@3dprintfeed,2016-07-06T19:13:09.000Z,"""Curve Appeal"" will be globe's first Freeform  3D printed  house  http://",0,0,0,0
·µê·µÉ·∂¶,@Mai_tweet_,2016-07-06T18:16:51.000Z,My dad has gotten a bit carried away with  3D printing . He's even printed us a soap dish lmao,0,1,2,0
pattycee,@pattycee1,2016-07-06T18:32:16.000Z,"3D printed  microscopic silk swimming rockets that are biodegradable, cheap to produce and harmless to our body wil‚Ä¶  http://",0,0,0,0
James Monk,@JamesWMonk,2016-07-06T17:01:15.000Z,"Apparently Juno included some  3D printed  components, which are now orbiting a distant planet - just like Star Trek. Cool!",0,0,0,0
Joan Horvath,@JoanHorvath,2016-07-06T17:46:15.000Z,Always great when someone enjoys our  3D printed  models!  #scientificmakers,0,0,0,0
Prime Imaging,@PrimeImaging,2016-07-06T18:56:01.000Z,"Nano Dimension Reveals Switch, the Software Package for the Eagerly Awaited DragonFly 2020  3D Printer http://",0,0,0,0
3D-Cola 3d Printing,@3DCola,2016-07-06T15:59:24.000Z,Eco Concrete uses Highcon paper  3D printing  machine to help create incredible concrete bench  http://,0,0,0,0
Popular Mechanics,@PopMech,2016-07-06T16:57:17.000Z,Juno took  3D-printed  parts further into space than ever  http://,0,9,9,0
Lazer3dCNC,@LazerPrint2CNC,2016-07-06T17:06:10.000Z,#3dprinting  Geeetech Assembled Me Creator desktop  3D printer  with‚Ä¶  http:// http://,0,0,0,0
The Maker's Movement,@MAKERS_MOVEMENT,2016-07-06T18:16:20.000Z,OMNI3D Releases Factory 2.0 industrial FFF  3D printer  The Polish...  http://,0,0,0,0
Drakhonen,@ProdigyForge3D,2016-07-06T17:01:31.000Z,"http://  ~ Think Big, Print Bigger! - Education is the key to moving forward, and  3D printing  is...  http://",0,0,0,0
NIHL 3D Printing,@NIHL3D,2016-07-06T16:08:12.000Z,"The chemical, mechanical, and physical properties of  3D printed  materials composed of TiO2-ABS nanocomposites.  http://",0,0,0,0
GG,@searchfeast,2016-07-06T16:01:15.000Z,3D-printed  house in China can withstand an 8.0 earthquake  http:// se-in-china-can-withstand-an-8-0-earthquake/ ‚Ä¶ #3Dprinting #houses LOVE THIS!,0,0,0,0
R2 Drones,@R2Drones,2016-07-06T16:20:23.000Z,10  3D Printed  Drones to Satisfy Your Inner Pilot  http:// nted-drones-84247/ ‚Ä¶,0,5,4,0
3DPrintingTrends,@3DPrintingScan,2016-07-06T18:48:10.000Z,Teamwork Between Siemens and the Fraunhofer Institute Results in New Uses of  Additive Manufacturing http://,0,0,0,0
mariogames,@mariogamesm,2016-07-06T16:24:25.000Z,3D Printed  Super Mario Bros. Artwork to be Awarded to a Lucky Winner at Summer Games Done ...,0,0,0,0
Sebasti√°n Fernandez,@seba_mop,2016-07-06T18:03:59.000Z,Join the  3D Printer  Giveaway by  @toms3dp  @3dprinterchat  @joeltelling @antonmnsson @danielnoree https:// -3d-printer-every-three-months ‚Ä¶ #3dprinterchat,0,4,0,0
Ed Sinamark,@efs300,2016-07-06T17:27:18.000Z,3D Printing  Thanks for the follow!  https://,0,0,0,0
3DP Filament,@3DPFilament,2016-07-06T19:17:22.000Z,OMNI3D Factory 2.0 Industrial  3D Printer  Launches (video) - Geeky Gadgets  http:// -2-0-industrial-3d-printer-launches-06-07-2016/ ‚Ä¶,0,0,0,0
Lifeboat Foundation,@LifeboatHQ,2016-07-06T18:01:18.000Z,Star Trek Competition Takes  3D Printing  to Space  http:// tar-trek-competition-takes-3d-printing-to-space ‚Ä¶,0,2,1,0
DimTec 3D,@DimTec3D,2016-07-06T16:03:08.000Z,Article of the Day - This simple  3D printer  is the one you might actually want for your home http://,0,0,0,0
CoolNerd,@coolnerdco,2016-07-06T19:24:00.000Z,Platform Sticker for QIDI TECH I  3D Printer : 5 pcs kit -  https:// rm-sticker-for-qidi-tech-i-3d-printer-5-pcs-kit/ ‚Ä¶ #3dprinting,0,0,0,0
Valter Gouveia,@ValterGouveia,2016-07-06T16:18:00.000Z,"3D Hubs Releases Worldwide  3D Printing  Trends Report for July 2016, Format Goes Quarterly: 3D Hubs provides a...  http://",0,0,0,0
3Ders.org 3D Printing News,@3dersorg,2016-07-06T19:10:37.000Z,Unfold improves unusual  3D printed  ceramics using  @ViscoTec  FDD technology http:// 706-unfold-improves-unusual-3d-printed-ceramics-using-viscotec-fdd-technology.html ‚Ä¶ #3dprinting,0,10,12,0
Blockmine3rz,@bmine3rz,2016-07-06T17:37:30.000Z,ColorFabb launches new steelFill  3D printing  filament at AM Show Europe 2016 -  #3dp http://,0,0,0,0
Gary Weston,@GaryWeston11,2016-07-06T17:35:06.000Z,"3D Hubs Releases Worldwide  3D Printing  Trends Report for July 2016, Format Goes Quarterly -  http:// http://",0,0,0,0
carl.manz,@3Dfacts,2016-07-06T16:55:37.000Z,Meet The Winners Of Star Trek And NASA's Student  3D Printing  Challenge  http://  via  @PopSci,0,0,0,0
carl.manz,@3Dfacts,2016-07-06T17:12:50.000Z,Jupiter‚Äôs atmosphere: A tough test for  3D printed  parts  http:// ve-duty-space-3d-printed-parts-84325/ ‚Ä¶,0,0,0,0
uainfo.org,@uainforg,2016-07-06T16:34:54.000Z,–ù–∞  3D Print  Conference Kiev 2016 —Å—ä–µ–¥—É—Ç—Å—è –≤–µ–¥—É—â–∏–µ —ç–∫—Å–ø–µ—Ä—Ç—ã 3D-–ø–µ—á–∞—Ç–∏ —Å–æ –≤—Å–µ–≥–æ –º–∏—Ä–∞  http://,0,0,0,0
DUniverse Apparel,@DUniverseApp,2016-07-06T17:37:05.000Z,Laser cut wool - innovative  3D printed  textiles; fashion design detail; fabric manipulation; organic  http:// 72728773/ ‚Ä¶,0,0,0,0
WZRD Radio,@WZRDRadio,2016-07-06T17:03:04.000Z,German engineers  3D-printed  a camera that‚Äôs smaller than a grain of salt  #3DPrinting #Tech http:// -printed-camera-is-smaller-than-grain-of-salt/ ‚Ä¶,0,6,5,0
Blitz,@Darkspiral_94,2016-07-06T17:21:31.000Z,"3D Hubs Releases Worldwide  3D Printing  Trends Report for July 2016, Format Goes Quarterly -  http:// http://",0,0,0,0
Rajaa,@rajaakahel,2016-07-06T18:39:53.000Z,3D Printer  Giveaway by  @toms3dp  @3dprinterchat  @joeltelling @antonmnsson @danielnoree https:// -3d-printer-every-three-months ‚Ä¶ #3dprinting #3dprinterchat,0,0,0,0
3D-Cola 3d Printing,@3DCola,2016-07-06T17:57:33.000Z,Alcoa (AA) Announces Opening of  3D Printing  Metal Powder Production Facility  http://,0,0,0,0
Jon Good,@goode006,2016-07-06T16:33:40.000Z,10  3D Printed  Drones to Satisfy Your Inner Pilot  http://,0,0,0,0
Charles Russo,@Charles_M_Russo,2016-07-06T17:39:22.000Z,"3D Hubs Releases Worldwide  3D Printing  Trends Report for July 2016, Format Goes Quarterly  https:// -trends-july-2016/ ‚Ä¶",0,0,0,0
MakerEdTO,@MakerEdTO,2016-07-06T17:37:08.000Z,3D printing  at the playground,1,5,3,0
3dprint2u,@3dprint2u,2016-07-06T17:30:24.000Z,Jupiter‚Äôs atmosphere: A tough test for  3D printed  parts  http:// ve-duty-space-3d-printed-parts-84325/ ‚Ä¶,0,0,0,0
3D Printing Mad Man,@justinmcdevitt,2016-07-06T18:39:29.000Z,I might have better luck with that than I did with needing this for the rabbit problem in the garden  http:// 44-n-divisional-field-artillery-cannon-85mm-good.html ‚Ä¶,0,0,0,0
Max Moors,@mx20100,2016-07-06T17:40:12.000Z,Check out my  3D printing  store! You can download a 3d file from thingiverse and then order that file  3d printed ! https://,0,0,0,0
Miovision,@Miovision,2016-07-06T19:01:46.000Z,"#Autonomous ,  3D-printed  bus now giving rides in Washington, DC  http://",0,2,0,0
3D Print .com,@3DPrintBoard,2016-07-06T17:29:05.000Z,UK Defense Firm  @BAESystemsplc  Wants to ‚ÄúGrow‚Äù Drones in Vats with Chemical  #3DPrinting https:// tems-grow-drones/ ‚Ä¶,0,3,0,0
Leslie Fisher,@lesliefisher,2016-07-06T17:07:40.000Z,Important to note booth was hand made including  3D printing . Hope they post details on their site about nut house,0,4,1,0
Technewszone.com,@itechnewszone,2016-07-06T19:25:21.000Z,"A  3D printer  that can replicate itself, scale by printing its own volume upgrades, and every thing y  http:// 39354217/ ‚Ä¶",0,0,0,0
ORTHOWORLD¬Æ,@ORTHOWORLDInc,2016-07-06T16:05:43.000Z,Building Evidence for  Additive Manufacturing : What questions remain?  http:// #additivemanufacturing,0,0,0,0
3D Printing News,@3DPrinting24x7,2016-07-06T18:25:19.000Z,"Think Big, Print Bigger! -  3D Printing  Industry  http:// #3Dprinting",0,0,0,0
3DMAD,@3dmad,2016-07-06T17:48:29.000Z,UK Defense Firm BAE Systems Wants to ‚ÄúGrow‚Äù Drones in Vats with Chemical  3D Printing http://,0,0,0,0
Blockmine3rz,@bmine3rz,2016-07-06T18:56:21.000Z,Alcoa opens  3D printing  metal powder plant in Pittsburgh -  http:// oa-opens-3d-printing-metal-powder-plant-in-pittsburgh/ ‚Ä¶ #3dprinting,0,0,0,0
3D-Cola 3d Printing,@3DCola,2016-07-06T18:12:57.000Z,Morpheus is the Future of Tech and Design  http://,0,0,0,0
All3DP,@All3DP,2016-07-06T17:05:07.000Z,We Ask the Experts: How Will Brexit Impact the  3D Printing  Industry in the UK?  https:// ting-industry/ ‚Ä¶ @E3DOnline,0,0,0,0
New Matter,@newmatter,2016-07-06T18:25:51.000Z,When you finish your  3D print  with just an inch of filament left.  #3dprinting,0,10,4,0
Blitz,@Darkspiral_94,2016-07-06T15:56:18.000Z,3D-Printed  Chinese Villa Is Virtually Indestructible - Curbed  http://,0,0,0,0
bartezzini,@bartezzini,2016-07-06T15:52:31.000Z,"Build a  3D Printer  Workhorse, Not an Amazing Disappointment Machine: Comments  http://",0,0,0,0
Cool Banana,@cool_enquiries,2016-07-06T16:54:29.000Z,"Guy Uses  3D Printer  to Create a Functional AR-15 Rifle, Fires it On Camera  http:// -gadget/guy-uses-3d-printer-to-create-a-functional-ar-15-rifle-fires-it-on-camera ‚Ä¶  via  https://",0,0,0,0
Ninja CNC,@Ninja_CNC,2016-07-06T16:33:49.000Z,Maconde Mask  #3D  Printed in a wood filament. Shows wood grain & details.  #3dprinter #3dprinting #3dprint #Makers,0,0,3,0
3D Printing Fans,@3DPrintingFans,2016-07-06T18:09:53.000Z,Teamwork Between Siemens and the Fraunhofer Institute: New Uses of  #AdditiveManufacturing https:// -fraunhofer-institute/ ‚Ä¶,0,0,0,0
ICUBE UTM,@IcubeUTM,2016-07-06T16:56:05.000Z,"When the  3D printer  isn't being used for prototypes, it's being used for fun!  #madeinICUBE  @‚Ä¶  https://",1,0,0,0
Legat Architects,@Legat_Architect,2016-07-06T16:25:07.000Z,Check out this  3D-printed  villa in China  http:// #architecture #architect #design #urbanism,0,0,0,0
gr8agency,@gr8_agency,2016-07-06T19:05:41.000Z,DREMEL KRIJGT AANDACHT DIE HET MERK VERDIENT MET NIEUWE  3D PRINTER .  #gr8pr http://,0,0,0,0
Olivia Tomlin,@PHLSmallBiz,2016-07-06T15:58:44.000Z,Pharma firm that uses  3D printing  to make medicines raises $30M  http:// #PhillyBusiness,0,0,0,0
FPV Drone Racing,@FPVDroneRace,2016-07-06T19:10:11.000Z,10  3D Printed  Drones to Satisfy Your Inner Pilot -  3D Printing  Industry  http://,0,0,0,0
lilian,@yejia11530,2016-07-06T18:07:17.000Z,How Long Does it Take to Get a High-Quality  3D Print  in 100+ Materials and Finishes?  http://,0,0,0,0
"Edwin Donnelly MD, PhD, FACR, FCCP",@edonnellymdphd,2016-07-06T15:51:40.000Z,Busy  3D printing  for @VUradiology  #radres  design projects  #3dprinting,0,1,2,0
3DKUMO,@3Dkumo,2016-07-06T16:00:35.000Z,#Juno ‚Äôs  #3D #Printed  Parts Survive Trip to  #Jupiter http:// #tech #nasa #3dprinting #3dprint #space,0,2,1,0
Make Parts Fast,@MakePartsFast,2016-07-06T18:41:31.000Z,Alcoa opens  3D printing  metal powder plant  http://,0,0,0,0
Central Diesel Inc.,@CentralDiesel_,2016-07-06T18:41:09.000Z,RT  @FFJournalUpdate  New York universities to open  additive manufacturing  R&D center  http:// @Campus_Tech,0,0,0,0
3DLT.com,@3dtemplates,2016-07-06T18:37:10.000Z,Juno Took  3D-Printed  Parts Further Into Space Than Ever  http:// #3Dprinting,0,0,0,0
John Rojas,@johnfrojas,2016-07-06T17:30:04.000Z,UK Defense Firm BAE Systems Wants to ‚ÄúGrow‚Äù Drones in Vats with Chemical  3D Printing https:// tems-grow-drones/ ‚Ä¶,0,0,0,0
3D Printing News,@My3DPrinting,2016-07-06T16:43:06.000Z,". @3DHubs  Releases Worldwide  #3DPrinting  Trends Report for July 2016, Format Goes Quarterly https:// -trends-july-2016/ ‚Ä¶",0,2,1,0
CoolNerd,@coolnerdco,2016-07-06T19:23:44.000Z,BIBO 3D STouch Ready-To-Print  3D Printer  w/ Color Touch Screen -  https:// d-stouch-ready-to-print-3d-printer-w-color-touch-screen/ ‚Ä¶ #3dprinting,0,0,0,0
3Dvape,@diy3Dvape,2016-07-06T18:51:25.000Z,"Buit-in button for box mod bottom feeder  3D printed #vape #3dprinting #3d #mod #box  @ Las Vegas,‚Ä¶  https://",0,0,0,0
Spartan Printing,@SpartanPrinting,2016-07-06T17:15:44.000Z,The gears are spinning at Cisco. Pretty cool  3D print .  #spartanprinting #tshirts #cisco https://,0,0,0,0
Dave Bagnall,@DaveChaos,2016-07-06T17:39:48.000Z,"Today's video is on the  @Ultimaker  2+  3D printer , its an awesome piece of tech. check it out here  https://",0,3,2,0
Abdul M.,@silverbacklive,2016-07-06T15:39:50.000Z,"Build a  3D Printer  Workhorse, Not an Amazing Disappointment Machine  http:// #startup #Dubai #GCC",0,0,0,0
Jeff Hanlin,@hanlin_jeff,2016-07-06T19:05:21.000Z,. @Airbus  bionic design using  3D printing  and generative design yields big fuel savings  http://,0,0,0,0
3D-Printer.com,@DelraySystems,2016-07-06T17:16:40.000Z,Be sure to subscribe to our YouTube channel for upcoming videos on  #3dprinting  &  #3dmodeling https:// OnxCKGRYwWWPftiQDA ‚Ä¶,0,0,0,0
3DPRobo,@3dprinterRobo,2016-07-06T16:43:08.000Z,Monoprice 113860 Maker Select  3d Printer  Review  http:// 60-maker-select-3d-printer-review/ ‚Ä¶  via  @3dprinterRobo,0,0,0,0
DQT SocialClassified,@DoubleQuicktime,2016-07-06T17:54:17.000Z,3D Printed  Scout trooper blaster star wars return of the jedi for USD69.00  #Collectibles #Science #Fiction #trooper http:// on/id/188369280 ‚Ä¶,0,0,0,0
3D Printing News,@3DPrintGirl,2016-07-06T16:23:24.000Z,". @3DHubs  Releases Worldwide  #3DPrinting  Trends Report for July 2016, Format Goes Quarterly https:// -trends-july-2016/ ‚Ä¶",0,0,0,0
Ninja CNC,@Ninja_CNC,2016-07-06T16:12:19.000Z,#3D  Printed Insoles:   http:// 706-3d-print-your-own-flexible-insoles-with-gyrobots-new-and-free-gensole-design-tool.html ‚Ä¶ #3dprinting #3dprint,0,0,0,0
Maked 3D,@maked3d,2016-07-06T16:06:59.000Z,Star Trek Competition Takes  3D Printing  to Space  http:// #3D #3dprinting,0,0,0,0
Technology Faculty,@DHFSTech,2016-07-06T19:00:46.000Z,Jupiter's atmosphere: A tough test for  3D printed  parts  http:// 021 ‚Ä¶,0,0,0,0
Big Cat,@ItsYaBoiBigCat,2016-07-06T16:13:55.000Z,I liked a  @YouTube  video from  @barnacules http:// 3D Printed  Tracer Gun from Overwatch w/ Multiple Materials,0,0,0,0
Leslie Langnau,@DW_3DPrinting,2016-07-06T18:23:02.000Z,Super-strong and airy  3D-printed  supermaterials inch closer to reality  http:// ted-supermaterials/43836/ ‚Ä¶  via  @gizmag #3dprinting,0,1,5,0
Jenna Bowman,@lillibrarianjen,2016-07-06T15:55:17.000Z,Please RT to spread the word. Only 8 days left to get our  3D printer  project funded. Thanks!  https:// e-and-technology-and-math-oh-my/1928199/?utm_source=dc&utm_medium=proposal&utm_campaign=twitter&rf=twitter-siteshare-2016-07-proposal-teacher_3033435&challengeid=20620943 ‚Ä¶  via  @donorschoose #STEM,1,0,1,0
Acondel,@Acondel_,2016-07-06T19:17:36.000Z,Unfold improves unusual  3D printed  ceramics using ViscoTec FDD technology -  http:// s-unusual-3d-printed-ceramics-using-viscotec-fdd-technology/ ‚Ä¶  - -  #3DPrinting,0,0,2,0
Paul SmithKeitley,@tchncllyspkng,2016-07-06T19:15:09.000Z,"3D Printing : The Stories We Missed This Week ‚Äî July 2, 2016 -  http://",0,0,0,0
3DMAD,@3dmad,2016-07-06T16:32:34.000Z,"3D Hubs Releases Worldwide  3D Printing  Trends Report for July 2016, Format Goes Quarterly  http://",0,0,0,0
IoT Qatar,@Qatar_IoT,2016-07-06T15:48:12.000Z,"V3, No Weld,  3D Printed , Electric Longboard  http:// #DYI #IoT",0,0,0,0
Authentise,@authentise,2016-07-06T16:16:04.000Z,#AMenabled  Architected Materials easily represent the most exciting advances in  3D Printing  HT  @maverickonline http://,0,0,0,0
BECT Computers & 3D Printing,@bectcomputing,2016-07-06T17:13:27.000Z,Thanks for the recent follow @CarlFairbanks02  @diva_rileni  @NJGurlJanell Happy to connect :) have a great Wednesday.,0,0,0,0
3D Printing Industry,@3dprintindustry,2016-07-06T17:31:23.000Z,Making impossible tech possible  #3dprinting  Morpheus is the Future of Tech and Design -  http://,0,11,16,0
Pamela Magee,@PamGrokMagee,2016-07-06T16:42:09.000Z,http:// 3D Printed  Super Mario Bros. Artwork to be Awarded to a Lucky Winner at Summer Games Done‚Ä¶  http://,0,0,0,0
Charles Russo,@Charles_M_Russo,2016-07-06T15:54:23.000Z,Winners of Future Engineers  3D Printing  Star Trek Replicator Challenge Announced  #3dprinting https:// ek-replicator-winners/ ‚Ä¶,0,0,0,0
3DPrintingTrends,@3DPrintingScan,2016-07-06T15:40:09.000Z,Winners of Future Engineers  3D Printing  Star Trek Replicator Challenge Announced  http://,0,0,0,0
Mark Higbee,@MarkHigbee,2016-07-06T16:01:45.000Z,Mini Collection - Lasercut  3D Printer  Miniature Collection  http:// ini-collection--lasercut-3d-printer-miniature-collection ‚Ä¶,0,0,0,0
Leodis Games,@LeodisGames,2016-07-06T17:40:49.000Z,We've got our next batch of  3D printed  tokens in. ¬£5.99 for 6!  http:// ry/3d-prints/ ‚Ä¶,1,2,1,0
Ben Jochems,@benjochems,2016-07-06T16:04:06.000Z,RT  @TechCrunch : Students‚Äô  3D-printed  fungarium and Martian mini-farm win  #NASA  ‚ÄòStar Trek Replicator‚Ä¶  http:// #gadget,0,0,0,0
The WWW Marketing,@ShibuVarg,2016-07-06T16:02:13.000Z,#ArtWorks 3D Printed  Super Mario Bros. Artwork to be Awarded to a Lucky Winner at Summer Games Done Quick 2016 ...  http://,0,0,0,0
Noah Wilson,@Noahwilson09,2016-07-06T17:11:32.000Z,#Liveme  GIVEAWAYS TODAY GOPRO AND  3D PRINTER  Noah.wilson09‚Äôs  #onairnow ~  http:// ideoid=14678250575330301391&kid=1&shareto=twitter ‚Ä¶,0,0,0,0
Lynn R Sessions,@Hunt4Arch,2016-07-06T18:31:15.000Z,14 photos of  3D-printed  food you can actually eat.  http://,0,0,0,0
Dimuth Tharindu,@dimuththarindu,2016-07-06T15:51:38.000Z,"V3, No Weld,  3D Printed , Electric Longboard http://",0,0,0,0
Ra√∫l Suesc√∫n,@raulsuescun,2016-07-06T17:29:44.000Z,Akinori Goto  3D printed  zootrope  http://,0,0,0,0
SiMT,@TheSiMT,2016-07-06T16:02:45.000Z,#AdditiveWednesday  - A Fascinating  3D-Printed  Light-Based Zoetrope by Akinori Goto | Colossal  http://,0,0,0,0
Fabrisonic,@Fabrisonic3D,2016-07-06T16:20:32.000Z,"This autonomous,  3D-printed  bus starts giving rides in Washington, DC today  http://",0,0,0,0
FMS marketing agency,@FMScreative,2016-07-06T16:11:22.000Z,Fine dining chefs explore the potential of  #3Dprinting  & now there's a  #3D  printer from  @NaturalMachines  for food  http://,0,0,0,0
Gary Weston,@GaryWeston11,2016-07-06T16:10:22.000Z,Can we really grow aircraft? -  3D Printing  Industry  http://,0,0,0,0
Raben,@raben_us,2016-07-06T17:07:04.000Z,". @discovery : With Rhinos on the brink of extinction, could  3D printed  horns stop their decline?  http://",0,0,0,0
ShapingBits,@ShapingBits,2016-07-06T16:01:36.000Z,Ten-year-old creates a gorgeous 120cm tall Eiffel Tower with a  3D printing  pen  http://  via  @3dersorg,0,0,0,0
DreamPC,@rbillyguns,2016-07-06T16:37:11.000Z,Airwolf just sent me there new model  3D printer  crazy lucky me? Please re-tweet to  @Barnacules,0,3,0,0
Curso 3D Printing,@Curso3DPrinting,2016-07-06T15:39:52.000Z,Eco Concrete uses Highcon paper  3D printing  machine to help create incredible concrete bench  http://,0,0,0,0
Jeffrey Vastine,@jvastine,2016-07-06T18:48:07.000Z,3D Printer  giveaway by @3dprinterchat  @toms3dp @joeltelling @antonmnsson @danielnoree https://,0,0,0,0
3D Agent,@3D_Agent,2016-07-06T15:48:11.000Z,3D Fashion Designer Francis Bitonti Teams Up with Electronic Music Duo Feral Five to Make  3D Printed  Music  https:// 25 ‚Ä¶,0,0,0,0
CRP Group,@CRP_Group,2016-07-06T18:52:05.000Z,CRP USA rethink  Additive Manufacturing  with  @_Windform  materials. See more: http://,0,0,0,0
dicegeeks,@dicegeeks,2016-07-06T16:03:03.000Z,Items to make on a  3D printer .  http://,0,0,0,0
De la Fressange,@ThierryGonzalez,2016-07-06T17:08:22.000Z,Akinori Goto  3D printed  zootrope  http://  v√≠a  @40fakes,0,0,0,0
ON Semiconductor,@onsemiconductor,2016-07-06T17:06:37.000Z,Engineers come together to make a  3D printed  camera smaller than a grain of salt. Via  @SAI http://,0,0,0,0
Metals/Mining News,@D_metal_minings,2016-07-06T16:12:57.000Z,BRIEF- #Alcoa  opens  3D printing  Metal Powder Plant. Read more:  http:// $AA,0,0,0,0
U.S. Concrete,@USConcrete,2016-07-06T17:30:50.000Z,3D Printer  Produces Concrete Tiny House.  #Concrete #Sustainability http://,0,3,2,0
Castle Sci/Tech Cent,@CastleSciTech,2016-07-06T15:53:02.000Z,"""Media artist Akinori Goto designed this fun  3d-printed  zoetrope that when lit from the side reveals dancing or...  http://",0,0,0,0
Circuit Specialists,@CircuitSpecial,2016-07-06T17:02:58.000Z,Fully  3D-Printed  Designer Lamp by flowalistik -  http:// #3DPrint #3DPrinting #DIY,0,0,0,0
Bits2Atoms,@b2a_nl,2016-07-06T16:17:43.000Z,"NIEUW bij Bits2Atoms: 
De mogelijkheid om  3D printer  BEETHEFIRST te huren!

 dag   ‚Ç¨ 30,-
 weekend ‚Ç¨ 50,-
 week...  http://",0,0,0,0
Oskoo û,@Oskook,2016-07-06T15:35:43.000Z,"3D Printing  Trends July 2016, para estar al d√≠a de la  #impresion3d https://",0,0,0,0
Chris Jones,@ID8UX,2016-07-06T19:07:19.000Z,10  3D Printed  Drones to Satisfy Your Inner Pilot  http://,0,0,0,0
Freedom Forum News,@Space_Blog,2016-07-06T18:57:01.000Z,Winners of Future Engineers  3D Printing  Star Trek Replicator Challenge Announced |  @scoopit http://,0,0,0,0
Blitz,@Darkspiral_94,2016-07-06T17:21:32.000Z,Juno Took  3D-Printed  Parts Further Into Space Than Ever - Popular Mechanics  http://,0,0,0,0
Ca√±on City News,@canoncitynews,2016-07-06T17:42:05.000Z,UK Defense Firm BAE Systems Wants to ‚ÄúGrow‚Äù Drones in Vats with Chemical  3D Printing : While  3D printing  could...  http://,0,0,0,0
Eric Hart,@EricHart3d,2016-07-06T18:05:43.000Z,Just some unfinished  #Pokemon  fan art! Intended to be  3d printed  at some point!,0,9,0,0
Caitlin Reiniger,@danceMUSICwhore,2016-07-06T18:17:46.000Z,3D Designer Francis Bitonti Teams Up with Electronic Music Duo Feral Five to Make  3D Printed  Music - 3...  http:// #music,0,0,0,0
Drawing_From_Scratch,@Drawing_From_X,2016-07-06T18:31:44.000Z,"#Futurology http:// 3D printed  microscopic silk swimming rockets that are biodegradable, cheap to produce and harmless to ‚Ä¶",0,0,0,0
Dr Nozman,@DrNozman,2016-07-06T15:42:13.000Z,"J'aime une vid√©o  @YouTube  : ""Pollen introduces Pam, the Advanced  3D Printer "" √† l'adresse  http:// .",0,6,1,0
Live!,@TotalMadStream,2016-07-06T16:42:13.000Z,Digital Design and Manufacturing - Aoyama Optical France launches We DDD  3D printed  eyewear collection  http://,0,0,0,0
ASME.org,@ASMEdotorg,2016-07-06T17:19:11.000Z,Have you renewed your ASME membership? Renew early and you could win a  3D printer !  http://,0,0,0,0
EIN Presswire: Hybrid Cars Newswire,@EINHybridCars,2016-07-06T15:51:06.000Z,Rusal to produce powders for  3D printing http://,0,0,0,0
don buckley,@donbuckley,2016-07-06T18:14:33.000Z,This artist is biohacking the body to  3D-print  fantastical human bones:  http:// rtist-is-biohacking-the-body-to-3-d-print-fantastical-human-bones ‚Ä¶  by  @djpangburn  via  @FastCoExist,0,0,0,0
3D Printing,@JT_3dprinting,2016-07-06T17:31:54.000Z,Morpheus is the Future of Tech and Design: Digital cutting and creasing innovator Highcon has partnered with ...  http://,0,0,0,0
Joel Telling - 3D Printing Nerd,@joeltelling,2016-07-06T16:41:10.000Z,Looks like there will be a  #FanMailFriday  this coming Friday :),2,11,1,0
"DEPCO Enterprises, LLC",@DEPCOLLC,2016-07-06T17:13:12.000Z,Another example of  3D printing  in the medical industry. Amazing future for  3D printing !...  http://,0,0,0,0
Fast Co. Impact,@FastCoImpact,2016-07-06T15:40:13.000Z,This artist is biohacking the body to  3D-print  fantastical human bones  http://,1,10,8,0
Curso 3D Printing,@Curso3DPrinting,2016-07-06T17:42:52.000Z,Morpheus is the Future of Tech and Design  http://,0,0,0,0
TikTokTikkdotcom,@tiktoktikk,2016-07-06T18:56:33.000Z,"Build a  3D Printer  Workhorse, Not an Amazing Disappointment Machine by  via TikTokTikk‚Ä¶  http://",0,0,0,0
Filaments.ca,@FilamentsDotCa,2016-07-06T18:28:35.000Z,We've partnered up with  @NinjaTek3D  to bring Canada their market leading  3D printer  filament!  #3dprinting,0,2,0,0
3D Printing Fans,@3DPrintingFans,2016-07-06T16:23:24.000Z,". @3DHubs  Releases Worldwide  #3DPrinting  Trends Report for July 2016, Format Goes Quarterly https:// -trends-july-2016/ ‚Ä¶",0,3,3,0
Orbital Blue,@orbitalblue,2016-07-06T18:01:34.000Z,Juno Took  3D-Printed  Parts Further Into Space Than Ever - Popular Mechanics: Popular MechanicsJuno Too...  http:// #space,0,0,0,0
Alex Ignatius,@aleksignatius,2016-07-06T19:15:45.000Z,Unfold improves unusual  3D printed  ceramics using ViscoTec FDD technology  http://,0,0,0,0
3D-Cola 3d Printing,@3DCola,2016-07-06T16:18:15.000Z,Can we really grow aircraft?  http://,0,0,0,0
VariQuest,@VariQuest,2016-07-06T16:10:42.000Z,Curious about  3D printing  and how to use this in schools? Stop by booth #212 and learn how schools are implementing this technology  #NAESP16,0,0,0,0
CMD Prototyping,@CMDPrototyping,2016-07-06T16:10:09.000Z,Ten-year-old creates a gorgeous 120cm tall Eiffel Tower with a  3D printing  pen  http://,0,0,0,0
Henry Soch,@hjsoch,2016-07-06T16:01:40.000Z,3D printing  helps save infant with brain growing outside skull  http:// ng-helps-save-boy-brain-growing-outside-skull-83085/ ‚Ä¶,0,0,0,0
Daybright Solutions,@talkdaybright,2016-07-06T18:15:08.000Z,"""Curve Appeal"" will be globe's first Freeform  3D printed  house  http://",0,0,0,0
Blockmine3rz,@bmine3rz,2016-07-06T15:37:18.000Z,"Sharebot launches Voyager Warp jewelry DLP  3D Printer , 8-times faster  3D Printing  -  #3dp http://",1,0,1,0
Marcos Jos√© P√©rez P.,@darkmortem,2016-07-06T16:38:24.000Z,"#dise√±o  Akinori Goto  3D printed  zootrope

S√≠, Akinori Goto cre√≥ este incre√≠ble zootrope impreso en 3D y la animaci‚Ä¶  http://",0,0,0,0
Marli Mesibov,@marsinthestars,2016-07-06T18:00:05.000Z,I love how many people use the plastic Yoda as an example of  3D printing .  http:// he-slow-sad-and-ultimately-predictable-decline-of-3d-printing.html?cid=sf01002&sr_share=facebook ‚Ä¶,0,0,0,0
3D Print Western,@3dprintwestern,2016-07-06T18:48:41.000Z,These young engineers are so innovative!  #NASA #StarTrek #FutureEngineers #3dprint http://,0,2,2,0
3D Print .com,@3DPrintBoard,2016-07-06T18:29:08.000Z,Teamwork Between Siemens and the Fraunhofer Institute: New Uses of  #AdditiveManufacturing https:// -fraunhofer-institute/ ‚Ä¶,0,3,3,0
Quantumesque,@quantumesque,2016-07-06T17:58:03.000Z,Juno Took  3D-Printed  Parts Further Into Space Than Ever - Popular Mechanics: Popular MechanicsJuno Took 3D-Pr...  http://,0,0,0,0
Christianity Today,@CTmagazine,2016-07-06T18:57:01.000Z,How  3D printing  could reshape biblical education  @johndyer @DallasSeminary http://,0,10,12,0
3D Printing News,@3DPrintGirl,2016-07-06T17:05:50.000Z,UK Defense Firm  @BAESystemsplc  Wants to ‚ÄúGrow‚Äù Drones in Vats with Chemical  #3DPrinting https:// tems-grow-drones/ ‚Ä¶,0,11,18,0
mokusei,@__mokusei,2016-07-06T17:18:35.000Z,Meet The Winners Of Star Trek And NASA's Student  3D Printing  Challenge  http://  via  @PopSci,0,2,0,0
Mohawk Engineering,@Mohawkengtech,2016-07-06T17:05:23.000Z,3D printing  breakthrough gives cancer patient new jaw  http://,0,0,0,0
Blitz,@Darkspiral_94,2016-07-06T16:17:59.000Z,Can we really grow aircraft? -  3D Printing  Industry  http://,0,0,0,0
Leonar3do,@Leonar3do,2016-07-06T18:57:30.000Z,"Alcoa opens  3D printing  metal powder plant in Pittsburgh: Alcoa, a leader in lightweight metals technology, h...  http://",0,0,0,0
Sardinian Arts,@SardinianArts,2016-07-06T19:02:46.000Z,"Iris van Herpen's 2016 show blends laser cutting, hand weaving and  3D printing  into one dress  #textiles #fiberarts http://",0,0,0,0
Blockmine3rz,@bmine3rz,2016-07-06T16:39:18.000Z,Create Your Own $9.99 IKEA Side Table Large Format  3D Printer  with New Tutorial Series  http://,0,0,0,0
Kenneth Terrell,@adjustabedframe,2016-07-06T15:54:33.000Z,"Build A  3D Printer  Workhorse, Not an Amazing Disappointment Machine - Hackaday  http://",0,0,0,0
Camille Brodhag,@CamilleBrodhag,2016-07-06T15:40:10.000Z,"Italy-based WASP has developed an orthopedic corset, demonstrating the company‚Äôs shift towards  3D print  applications  http://",0,0,0,0
CoolNerd,@coolnerdco,2016-07-06T19:24:25.000Z,ICEMAN3D D150 Wireless Remote  3D Printer  Bundle - Green -  https:// 3d-d150-wireless-remote-3d-printer-bundle-green/ ‚Ä¶ #3dprinting,0,0,0,0
CoolNerd,@coolnerdco,2016-07-06T19:23:35.000Z,Blue Dragon BDFPKH1728-B FirePrint KH-1728 Business  3D Printer  -  https:// ragon-bdfpkh1728-b-fireprint-kh-1728-business-3d-printer-2/ ‚Ä¶ #3dprinting,0,0,2,0
Frank Hull,@Frank_Hull,2016-07-06T18:45:41.000Z,Shapeways and New York Library to Launch  3D Printing  Curriculum ‚Äì The Shapeways Blog  #weekofmaking http:// 25807-shapeways-and-nypl-to-launch-opensource-3d-printing-curriculum.html ‚Ä¶,0,0,0,0
Noah Wilson,@Noahwilson09,2016-07-06T16:52:53.000Z,#Liveme  Giveaways GoPro and  3D-Printer #JoinMe  Noah.wilson09‚Äôs  #onairnow ~  http:// ideoid=14678238181462218257&kid=1&shareto=twitter ‚Ä¶,0,0,0,0
Curso 3D Printing,@Curso3DPrinting,2016-07-06T17:00:48.000Z,"Think Big, Print Bigger!  http://",0,0,0,0
David Corrigan,@DCorrigan,2016-07-06T16:02:20.000Z,'Who me? As for me ...'  Is your  #custexp  as smooth as the  3D printed  man?  #CustomerIntelligenceManagement  can help!  https://,0,0,0,0
ENGins 3D Printing,@ENGins_3DPrint,2016-07-06T18:17:36.000Z,3D-printed  phones herald world of instant electronic everything  http://,0,0,0,0
JohnHauer,@maverickonline,2016-07-06T16:22:10.000Z,How a  3D printer  could mean a breakthrough for joint-replacement surgery  http:// #Go3D,0,0,0,0
Valter Gouveia,@ValterGouveia,2016-07-06T18:14:48.000Z,Teamwork Between Siemens and the Fraunhofer Institute Results in New Uses of  Additive Manufacturing : With cli...  http://,0,0,0,0
TeraRecon,@TeraRecon,2016-07-06T18:17:50.000Z,"Check out our newest blog post "" 3D Printing  Comes of Age""! http://",0,0,0,0
Archinect,@archinect,2016-07-06T18:54:16.000Z,"""Curve Appeal"" will be globe's first Freeform  3D printed  house  http://",0,12,7,0
XYZ Storage,@xyzstorage,2016-07-06T16:25:07.000Z,Wow! Amazing  3D-Printed  Chinese Villa Is Virtually Indestructible  http:// 052/3d-printed-home-china-concrete-architecture ‚Ä¶ #Home #3DPrinting,0,0,0,0
Archlectic Design,@Archlectic,2016-07-06T18:37:15.000Z,"""Curve Appeal"" will be globe's first Freeform  3D printed  house",0,0,0,0
mfrtech.com,@mfrtech,2016-07-06T16:17:00.000Z,News: Alcoa Opens  3D Printing  Metal Powder Plant  http://,0,0,0,0
3D Printing News,@3DPrintGirl,2016-07-06T18:09:53.000Z,Teamwork Between Siemens and the Fraunhofer Institute: New Uses of  #AdditiveManufacturing https:// -fraunhofer-institute/ ‚Ä¶,0,4,9,0
Jim Coutts,@jpc555,2016-07-06T15:48:21.000Z,Win a $100 Officeworks gift voucher to try out their  3D Printing  Experience Centre or buy new uni supplies!  http:// ficeworks-gift-voucher-3d-printing-experience-centre/ ‚Ä¶,0,0,0,0
3D Printing News,@3DPrintGirl,2016-07-06T19:07:09.000Z,10-Year-Old Roboticist Awarded Paris Innovation Fellowship https:// s-innovation-fellowship/ ‚Ä¶ #robotics,0,9,3,0
JP,@JAMMYP73,2016-07-06T18:14:49.000Z,To be honest if a got a  3D printer  the first thing I'd probably print would be a massive set of Knockers..,1,1,0,0
Oceans In Peril,@oceansperil,2016-07-06T18:36:19.000Z,Super-strong and airy  3D-printed  supermaterials inch closer to reality  http:// ted-supermaterials/43836/ ‚Ä¶  via  @gizmag,0,0,0,0
Maker Depot,@MakerDepot,2016-07-06T19:00:31.000Z,Register today for  #3D  print workshop - Teacher Professional Day.  3D printer  included with registration!  #3D #EdTech http://,0,0,0,0
Rostie & Associates,@RostieTechJobs,2016-07-06T17:40:27.000Z,A Hydra Of A 3D  #Printer http://  How to print more than one item at the same time!  #tech  @Gadget,0,0,0,0
Crypto Arch,@_cryptoarch,2016-07-06T18:21:10.000Z,"Via  @archinect  -  ""Curve Appeal"" will be globe's first Freeform  3D printed  house  http:// #architecture",0,0,0,0
The Maker's Movement,@MAKERS_MOVEMENT,2016-07-06T16:14:34.000Z,10  3D Printed  Drones to Satisfy Your Inner Pilot The world of 3D...  http://,0,0,0,0
miguel oliveira,@mikeliveira,2016-07-06T16:03:18.000Z,BRIEF-Alcoa opens  3D printing  Metal Powder Plant: * Will produce proprietary titanium‚Ä¶  http://,0,0,0,0
3DPrintingTrends,@3DPrintingScan,2016-07-06T15:40:07.000Z,How Long Does it Take to Get a High-Quality  3D Print  in 100+ Materials and Finishes?  http://,0,0,0,0
Ruggero Respigo,@RuggeroRespigo,2016-07-06T18:15:41.000Z,Teamwork Between Siemens and the Fraunhofer Institute Results in New Uses of  Additive Manufacturing https:// mwork-between-siemens-and-the-fraunhofer-institute-results-in-new-uses-of-additive-manufacturing ‚Ä¶,0,0,0,0
FFJournal,@FFJournalUpdate,2016-07-06T17:30:30.000Z,New York universities to open  additive manufacturing  R&D center  http:// @Campus_Tech,0,0,0,0
3D Printing Insights,@3Printin,2016-07-06T17:33:13.000Z,Juno Took  3D-Printed  Parts Further Into Space Than Ever - Built by weapons and aerospace company Lockheed Marti...  http://,0,0,0,0
Kathy Pierce,@stgeorgeagent,2016-07-06T17:08:02.000Z,Students‚Äô  3D-printed  fungarium and Martian mini-farm win NASA ‚ÄòStar Trek Replicator Challenge‚Äô  http://,0,0,0,0
Moulds & Plastics,@MouldsPlastics,2016-07-06T16:20:40.000Z,"3D Hubs Releases Worldwide  3D Printing  Trends Report for July 2016, Format Goes Quarterly:

3D Hubs provides a won‚Ä¶  http://",0,0,0,0
‚Ä∫THE FOX‚Äπ,@nilsspam,2016-07-06T19:23:38.000Z,"If I had a  3D printer , I'd print dragon dildos with it. And lots more fun stuff.",0,0,0,0
Traktual,@traktual,2016-07-06T16:46:35.000Z,"Meet Olli: the  3D printed , self-driving electric vehicle powered by IBM Watson - Greentech News  http://",0,0,0,0
BlackCentaur,@JacekWierzbicki,2016-07-06T15:41:48.000Z,BRIEF-Alcoa opens  3D printing  Metal Powder Plant  http:// #news #reuters,0,0,0,0
3dprintercafe,@3dprintercafe,2016-07-06T16:16:32.000Z,#3DPRINTER  NEWS Eco Concrete uses Highcon paper  3D printing  machine to help create incredible concrete bench  http://,0,0,0,0
3Dvape,@diy3Dvape,2016-07-06T18:45:22.000Z,"3D printed  box mod bottom feeder built-in button  #box #mod #3d #3dprinting #vape  @ Las Vegas,‚Ä¶  https://",0,2,0,0
Jane Bianchi,@localtourkey,2016-07-06T15:42:16.000Z,Items you would definitely get if you have a  3D printer  - Can't Wait !!!  http://,0,0,0,0
Linnflux,@linnflux,2016-07-06T15:38:09.000Z,"Build a  3D Printer  Workhorse, Not an Amazing Disappointment Machine  http:// #webdesign",0,0,0,0
carl.manz,@3Dfacts,2016-07-06T17:21:44.000Z,Bone Implant with  3D Printer https:// e-implant-with-3d-printer/ ‚Ä¶  via  @wordpressdotcom,0,0,0,0
reShootz,@reShootz,2016-07-06T19:05:10.000Z,RT  @RickSmithAuthor : NASA‚Äôs First Satellite Made With  3D Printed  Parts Is A Success!  http:// #NASAJuno #3dprinting #tech,0,0,0,0
3dprintfeed,@3dprintfeed,2016-07-06T16:07:39.000Z,If You Have 30 Days You Can  3D Print  a Life-Size BFG from DOOM  http://,0,0,0,0
Ruggero Respigo,@RuggeroRespigo,2016-07-06T18:56:42.000Z,Alcoa opens  3D printing  metal powder plant in Pittsburgh  https:// oa-opens-3d-printing-metal-powder-plant-in-pittsburgh ‚Ä¶,0,0,0,0
Hemp Depot Club,@HempDepotClub,2016-07-06T18:24:40.000Z,You Can Now  3D Print  Whatever You Want Using Hemp Plastic  http:// butor%3Dtwitter%3A722955752&url=https%3A%2F%2Fwww.greenrushdaily.com%2F2016%2F07%2F03%2F3d-print-whatever-want-using-hemp-plastic%2F&urlhash=294c617b&src=paperli.share ‚Ä¶,0,0,0,0
Consumer Tech Association,@CTATech,2016-07-06T16:21:58.000Z,"A  3D Printed ,  #selfdriving  shuttle by  #CTAMember @localmotors  hits the road  http://",0,3,1,0
Michelle Keegan,@h2oprintmedia,2016-07-06T17:40:47.000Z,"3D printed  drug pioneer Aprecia secures $30M to develop more fast-melt pills
  http://  #http://3dpr‚Ä¶",0,0,0,0
Think Making,@ThinkMaking,2016-07-06T16:55:51.000Z,I added a video to a  @YouTube  playlist  http:// 3D Printing  a BABY DRAGON - Quick Print,0,0,0,0
CMD Prototyping,@CMDPrototyping,2016-07-06T18:55:02.000Z,3D printed  robotic gripper uses force feedback to avoid crushing fragile objects  http://,0,0,0,0
Technology Faculty,@DHFSTech,2016-07-06T19:11:18.000Z,Students'  3D-printed  fungarium and Martian mini-farm win NASA 'Star Trek Replicator Challenge'  http:// 516 ‚Ä¶,0,0,0,0
Trader Dave,@DNev47,2016-07-06T18:21:37.000Z,Alcoa Opens  3D Printing  Metal Powder Plant  http:// YG?ocid=st ‚Ä¶ $AA,0,0,0,0
Technewszone.com,@itechnewszone,2016-07-06T19:24:49.000Z,Check out Dollo 3D: A  3D printer  that prints more 3D printers by Benjamin Engel on  @Kickstarter http://,0,0,0,0
Michael Hunger,@13mhz,2016-07-06T18:28:53.000Z,News about  3D printing https:// s-about-3d-printing-152/ ‚Ä¶,0,0,0,0
Ruggero Respigo,@RuggeroRespigo,2016-07-06T17:11:33.000Z,UK Defense Firm BAE Systems Wants to ‚ÄúGrow‚Äù Drones in Vats with Chemical  3D Printing https:// defense-firm-bae-systems-wants-to-grow-drones-in-vats-with-chemical-3d-printing ‚Ä¶,0,0,0,0
3D Agent,@3D_Agent,2016-07-06T17:01:09.000Z,3D Designer Francis Bitonti Teams Up with Electronic Music Duo Feral Five to Make  3D Printed  Music  #website https:// 44 ‚Ä¶,0,0,0,0
T2 Train,@T2train,2016-07-06T16:30:35.000Z,"University students create ""drawn-in-place"" architecture using  3D-printing  pen  http:// yo-university-research-students-3d-printed-pen-complex-architectural-structures-plastic/ ‚Ä¶  via  @dezeen",0,0,0,0
Matthew Kahl,@matthewtkahl,2016-07-06T18:05:03.000Z,"3D printed  villa virtually indestructible, uses  #hemp  fiber.  #green #cannabis #3dprinting http:// ‚Ä¶",0,0,0,0
Liz Loether,@LizLoether,2016-07-06T17:19:26.000Z,Checking out the  3D printer  at  #cvblended @CajonValleyUSD @EdTechCVUSD @LizLoether,0,7,3,0
NG3D 3D Printing,@ng3dprinting,2016-07-06T17:10:06.000Z,Jupiter‚Äôs atmosphere: A tough test for  3D printed  parts  http:// #3DPrinting #3DPrint #3D,0,0,0,0
Graeme Waddell,@ableasgraz,2016-07-06T15:52:04.000Z,New  3D Printer  Aluminum Extruder kit /w NEMA 17 Stepper Motor 1.75mm RepRap  http:// -reality-glasses/new-3d-printer-aluminum-extruder-kit-w-nema-17-stepper-motor-1-75mm-reprap/ ‚Ä¶,0,3,0,0
ScaleModelKitReview,@ThunderHobbies,2016-07-06T19:06:54.000Z,I added a video to a  @YouTube  playlist  http:// 3D Print  the Noisy Cricket from MiB @ SMKR,0,0,0,0
3D Open Hardware,@3DOpenHardware,2016-07-06T15:45:19.000Z,Alcoa Opens  3D Printing  Metal Powder Plant  http://,0,0,0,0
Blockmine3rz,@bmine3rz,2016-07-06T18:09:32.000Z,"#latest  3D Hubs Releases Worldwide  3D Printing  Trends Report for July 2016, Format Goes Qu...  http:// #b3dge #3dprinting",0,0,0,0
Mad Science NE PHX,@MadScienceNEPHX,2016-07-06T17:44:04.000Z,Here‚Äôs how architects are harnessing the technology of  3D printing . http://,0,0,0,0
Nexy,@MicroNexy,2016-07-06T19:05:16.000Z,"3D Printer  is U-SE-FULL, button broken on my car ? ok done by myself !  #DagomaFR #3DPRINTER #3dprinting #Solidworks",0,6,2,0
Science Bee,@AnatomyBlog,2016-07-06T17:04:16.000Z,"Realistic  3D printing  helps Baylor doctors train, master complex surgeries  #HumanAnatomy #bhive http://",0,0,0,0
Cadsourcing,@CADSourcingLLC,2016-07-06T18:29:44.000Z,"""""Curve Appeal"" will be globe's first Freeform  3D printed  house""  #architecture #architect http://",0,0,0,0
Ian Locke,@BusinessOnFoot,2016-07-06T17:08:14.000Z,Jean-Fran√ßois R√©veillard Explores Time and Matter Through  3D Printing  and Digital Media  http://,0,0,0,0
richardredhawk,@richardredhawk,2016-07-06T16:18:26.000Z,3D Printed  Smartphone/GoPro Tripod  http:// SmartphoneGoPro-Tripod/ ‚Ä¶,0,0,0,0
Mac Millen‚Ñ¢,@macmillenmag,2016-07-06T18:54:29.000Z,The  3D Printed  Robot Bicycle Zoetrope You Always Wanted  http:// #macmillen #magazine,0,0,0,0
3D Agent,@3D_Agent,2016-07-06T15:48:10.000Z,3D Fashion Designer Francis Bitonti Teams Up with Electronic Music Duo Feral Five to Make  3D Printed  Music  https:// 26 ‚Ä¶,0,0,0,0
Gary Weston,@GaryWeston11,2016-07-06T17:12:01.000Z,Juno Took  3D-Printed  Parts Further Into Space Than Ever - Popular Mechanics  http://,0,0,0,0
CoolNerd,@coolnerdco,2016-07-06T19:24:17.000Z,ICEMAN3D D150 Wireless Remote  3D Printer  Bundle - Blue -  https:// 3d-d150-wireless-remote-3d-printer-bundle-blue/ ‚Ä¶ #3dprinting,0,0,0,0
Camille Brodhag,@CamilleBrodhag,2016-07-06T18:00:48.000Z,Ricoh makes metal injection molding obsolete with new highly efficient metal  3D printer http://,0,0,0,0
MewNow,@MewNowNews,2016-07-06T16:01:28.000Z,3D printed #cosplay  in focus  http://,0,0,0,0
Rick Smith,@RickSmithAuthor,2016-07-06T18:02:11.000Z,NASA's First Satellite Made With  3D Printed  Parts Is A Success!  http:// #NASAJuno #3dprinting #additivemanufacturing #tech,0,0,0,0
3dprintfeed,@3dprintfeed,2016-07-06T18:12:33.000Z,UK Defense Firm BAE Systems Wants to ‚ÄúGrow‚Äù Drones in Vats with Chemical  3D Printing http://,0,0,0,0
Bruce Kunkel,@bkunkel3,2016-07-06T17:02:34.000Z,Super-strong and airy  3D-printed  supermaterials inch closer to reality  http:// ted-supermaterials/43836/ ‚Ä¶  via  @gizmag,0,0,0,0
Renan Leser,@RenanLeser,2016-07-06T15:44:10.000Z,3D Printed  Super Mario Bros. Artwork to be Awarded to a Lucky Winner at Summer Games Done Quick 2016: Twice a...  http://,0,0,0,0
Firelabs,@FirelabsWeb,2016-07-06T15:48:36.000Z,"Build a  3D Printer  Workhorse, Not an Amazing Disappointment Machine  http://",0,0,0,0
Blitz,@Darkspiral_94,2016-07-06T17:40:57.000Z,"Think Big, Print Bigger! -  3D Printing  Industry  http://",0,0,0,0
The Mighty Gorgonion,@MightyGorgonion,2016-07-06T17:51:20.000Z,UK Defense Firm BAE Systems Wants to ‚ÄúGrow‚Äù Drones in Vats with Chemical  3D Printing https:// tems-grow-drones/ ‚Ä¶,0,0,0,0
Sig Behrens,@sigbehrens,2016-07-06T16:02:24.000Z,Low-cost  3D-printed  thermos could help diagnose Zika virus by testing saliva  http://,0,0,0,0
Mohawk Engineering,@Mohawkengtech,2016-07-06T18:05:17.000Z,3D printing  produces cartilage from strands of bioink  http://,0,0,0,0
MomoCon Costumes,@MomoConCostumes,2016-07-06T17:05:33.000Z,"""Prop: Shop ‚Äì Combining Foamsmithing with  3D Printing  for my Mechanist Helmet""  http://  via  @chinbeard #cosplay #props",0,0,0,0
Fabio Sant'Ana,@F_Sant_Ana_MA,2016-07-06T16:16:20.000Z,3D Printing  Metal Interview with Arcam CEO Magnus Ren√©  http:// ng-metal-interview-magnus-rene-arcam-group-ceo-83724/ ‚Ä¶,0,2,0,0
Interesting Images,@Int_Images_Hub,2016-07-06T18:39:46.000Z,3D Printed  Stereo Speaker [628 x 472],0,0,0,0
3D Printing Fans,@3DPrintingFans,2016-07-06T17:05:50.000Z,UK Defense Firm  @BAESystemsplc  Wants to ‚ÄúGrow‚Äù Drones in Vats with Chemical  #3DPrinting https:// tems-grow-drones/ ‚Ä¶,0,1,4,0
Ca√±on City News,@canoncitynews,2016-07-06T15:39:19.000Z,3D Printed  Super Mario Bros. Artwork to be Awarded to a Lucky Winner at Summer Games Done Quick 2016: Twice a...  http://,0,0,0,0
3D Agent,@3D_Agent,2016-07-06T17:01:08.000Z,3D Designer Francis Bitonti Teams Up with Electronic Music Duo Feral Five to Make  3D Printed  Music  #website https:// 41 ‚Ä¶,0,0,0,0
PrototypingSolutions,@Prototyping3D,2016-07-06T18:46:01.000Z,3D printing  could save our coral reefs  http://,0,0,0,0
C.R.Y.O. Philadephia,@cryophl,2016-07-06T16:15:41.000Z,"This is just cool...  3D-printed  robot salamander can crawl, swim, and, perhaps, save lives one day  http://",0,0,0,0
3D Printing,@Just_Print_It,2016-07-06T16:07:27.000Z,Saturn V Rocket and Gantry  http://,0,10,8,0
Blockmine3rz,@bmine3rz,2016-07-06T17:37:29.000Z,ColorFabb launches new steelFill  3D printing  filament at AM Show Europe 2016 -  #3dp http://,0,0,0,0
3D Printing @ùüëùêÉùêöùêõùê•ùêû,@3Dable,2016-07-06T19:14:05.000Z,"FA  #3DP : colorFabb Now Sells a  3D Printer , and it‚Äôs a Big One  http:// #3D #3DPrinting",0,0,0,0
3D Printing Tech,@_3Dprinting,2016-07-06T17:51:59.000Z,Metal  Additive Manufacturing  for Industrial Production - Modern Machine Shop  http:// #3dprint,0,1,2,0
Future ‚ô¢ Megatrends,@TrendsFM,2016-07-06T19:05:05.000Z,"3D printed  microscopic silk swimming rockets that are biodegradable, cheap to produce and harmless to our body wil‚Ä¶  http://",0,0,2,0
3D Printing Alerts,@3DPrintAlerts,2016-07-06T17:08:03.000Z,3D Systems Releases Major Update to its Cimatron CA...  http:// 574/3d-systems-releases-major-update-to-its-cimatron-cad-cam-for-tooling-software ‚Ä¶ See all:  https:// #3dprinting  @3dsystemscorp,0,0,0,0
NIHL 3D Printing,@NIHL3D,2016-07-06T16:09:18.000Z,Use of electrospinning and dynamic air focusing to create 3D cell culture scaffolds in microfluidic devices  http://,0,0,0,0
Hollywood 3D Printing,@Hlywd3DPrinting,2016-07-06T16:40:42.000Z,Horses on horses on horses... #horse #toy #3Dprint #Hollywood3Dprinting #3Dprinting,0,0,0,0
Dr. James Troxell,@JamesTroxellDDS,2016-07-06T16:25:14.000Z,Vietnam veteran receives  3D-printed  jaw to replace jaw tissue lost as a result of tongue cancer treatment. Care...  http://,0,0,0,0
360Fashion Network,@360fashion,2016-07-06T19:21:05.000Z,Stratasys‚Äô  3D Printed  ‚ÄòPangolin‚Äô Dress | Bj√∂rk  http:// #fashion #nailsandbeauty,0,0,0,0
AJCC,@AJCCancer,2016-07-06T19:00:52.000Z,How a  3D printer  could mean a breakthrough for joint-replacement surgery   http://,0,0,0,0
3D Printing Alerts,@3DPrintAlerts,2016-07-06T17:08:02.000Z,Medical market inches ahead on using 3-D pri...  http:// 06/NEWS/160709925/medical-market-inches-ahead-on-using-3-d-printing ‚Ä¶ See all:  https:// #3dprinting  @3dsystemscorp,0,0,0,0
Ninja CNC,@Ninja_CNC,2016-07-06T16:15:24.000Z,#3D  Printing Drug Fast Melt Pills:   http:// 706-mit-based-aprecia-secures-30m-for-first-3d-printed-drug-approved-by-fda.html ‚Ä¶ #3dprinting,0,0,0,0
John Talent,@_JohnTalent_,2016-07-06T19:17:24.000Z,3d printer  in action,0,0,0,0
Daily Deals,@dealdos,2016-07-06T16:08:36.000Z,"UP Plus 2: The Up Plus 2 is an exemplary  3D printer .  It's well-made but lightweight, simple ...  http:// #sale #discount",0,0,0,0
OFN,@OFNblog,2016-07-06T16:57:33.000Z,Akinori Goto  3D printed  zootrope by _Uri via 40fakes  http:// i-goto-3d-printed-zootrope/ ‚Ä¶,0,0,0,0
Poughkeepsie Day School,@PoughkeepsieDay,2016-07-06T15:56:33.000Z,"Here are scenes from our Maker: Minecraft Architect -  3D Printing  Camp. In this unique summer camp, children...  http://",0,0,0,0
Markzware,@Markzware,2016-07-06T16:15:29.000Z,Architects claim this  3D-printed  house is earthquake-proof  http://,0,0,0,0
doob USA,@doob3D,2016-07-06T15:53:38.000Z,"#3DPrinted  face masks to keep you stylish and safe!  3D Printed  face masks, to keep you stylish and safe!  https:// urbane-j-cad-origami/ ‚Ä¶",0,0,0,0
Rob Stipek,@Rstipek3200,2016-07-06T15:53:40.000Z,3D-printed  Chinese villa is virtually indestructible  http:// 052/3d-printed-home-china-concrete-architecture?utm_campaign=curbed&utm_content=entry&utm_medium=social&utm_source=twitter ‚Ä¶  via  @Curbed,0,0,0,0
Blitz,@Darkspiral_94,2016-07-06T18:23:13.000Z,"Build A  3D Printer  Workhorse, Not an Amazing Disappointment Machine - Hackaday  http://",0,0,0,0
Science news,@sciencenews7,2016-07-06T18:35:08.000Z,Juno Took  3D-Printed  Parts Further Into Space Than Ever: While these brackets are the first instance of 3D-pr...  http://,0,0,0,0
AVADirect,@AVADirect,2016-07-06T16:05:30.000Z,"The future of printing is here more than ever!

Check out some of the biggest breakthroughs in  3D printing !

  http:// -printing/#.V30sFKch2FQ.twitter ‚Ä¶",0,3,1,0
3dprintfeed,@3dprintfeed,2016-07-06T17:11:30.000Z,Eco Concrete uses Highcon paper  3D printing  machine to help create incredible concrete bench  http://,0,0,0,0
Trey Roudebush,@treyster1126,2016-07-06T18:01:34.000Z,Join the  3D Printer  Giveaway by  @toms3dp  @3dprinterchat  @joeltelling @antonmnsson,0,0,0,0
Mcor 3D Printing,@Mcor3DPrinting,2016-07-06T16:01:45.000Z,Open new markets for  #3Dprinting  by becoming an Mcor reseller today:  http://,0,0,0,0
George Somers,@techiskwl,2016-07-06T15:44:18.000Z,Excited for Day 1 of my  3D Printing  workshop with 18 other educators. Woot!  #ceresedtech #cereslearns https://,0,3,0,0
Blockmine3rz,@bmine3rz,2016-07-06T19:17:17.000Z,Unfold improves unusual  3D printed  ceramics using ViscoTec FDD technology -  http:// old-improves-unusual-3d-printed-ceramics-using-viscotec-fdd-technology/ ‚Ä¶ #3dprinting,0,0,0,0
TRAEDONYA!,@TRAEDONYA,2016-07-06T17:10:39.000Z,Bj√∂rk Reveals Neri Oxman's  3D-Printed  Mask Based on Her Face | BLOUIN ARTINFO  http:// 3978/bjork-reveals-neri-oxmans-3d-printed-mask-based-on-her-face ‚Ä¶  interesting luv Bjork,0,0,0,0
ritchie.NFT,@mritchie,2016-07-06T16:40:49.000Z,"GE, Saudi Aramco fund  3D printing  startup  http:// artups/2016/07/ge-saudi-aramco-help-fund-lexington-3d-printing.html?ana=twt ‚Ä¶  via  @mritchie @US_Innovation #innovation #minnesota",0,0,0,0
David Camacho,@davidcamachoj,2016-07-06T15:44:19.000Z,"Build a  3D Printer  Workhorse, Not an Amazing Disappointment Machine  http://",0,0,0,0
Liz Loether,@LizLoether,2016-07-06T17:15:01.000Z,3D printing @CajonValleyUSD #cvblended @makerbot,0,4,1,0
Go Give-Back,@GoGiveBack,2016-07-06T19:07:05.000Z,#GoGiveBack  Cause Spotlight:   @Young_Makers  are bringing  3D printing  @TheDoorYouthCen ! A pic is worth 100 words ,0,2,4,0
CS Hyde Company,@CSHYDE1,2016-07-06T16:45:52.000Z,Throw out the blue tape and upgrade your  3d printer  with long lasting Ultem¬Æ PEI Film.  http:// rinting-materials/ultem-pei ‚Ä¶,0,0,0,0
Otley Smith,@Otley,2016-07-06T19:17:38.000Z,Architects claim this  3D-printed  house is earthquake-proof -  #PhoenixRealEstate #3DPrint http://,0,0,0,0
The Mighty Gorgonion,@MightyGorgonion,2016-07-06T17:56:18.000Z,stratasys j750  3d printer - brought to you by sys systems uk   https:// 26 ‚Ä¶  via  @post_waves,0,0,0,0
Kurt Hanson,@NativeSenses,2016-07-06T18:42:21.000Z,Items you would definitely get if you have a  3D printer  - Can't Wait !!!  http://,0,0,0,0
Get Vaxxed,@Herbie555,2016-07-06T18:01:11.000Z,"BAE's Chemputer aims to  3D print  drones, but all I can envision is  @GreatDismal  ""New Rose Hotel"" type outcomes.  http://",0,0,0,0
3D Printing,@JT_3dprinting,2016-07-06T16:45:16.000Z,"Think Big, Print Bigger!: Education is the key to moving forward, and  3D printing  is getting its own forms of...  http://",0,0,0,0
George Musser,@gmusser,2016-07-06T17:25:49.000Z,"Awesome  3D-printed  interference fringes, Earth-moon gravity well, and truss by  @JoanHorvath . You can do it yourself!",0,6,2,0
"Hunter Lift, LTD",@HunterLift,2016-07-06T18:05:30.000Z,Researchers in Germany have created this injectable micro-camera with  3D printing .  http://,0,0,0,0
VCL,@VCLatVCU,2016-07-06T16:53:02.000Z,Now  3D printing #virtualcurationlab #3dprinting https://,0,0,0,0
Boynton Beach City Library,@BBCityLibrary,2016-07-06T17:13:54.000Z,Check out photos from our  3D printing  class.  Missed this one? Our next class is 8/3 @ 11-1 pm in the Program Room!,0,2,1,0
NeoGames76,@NeoGames76,2016-07-06T17:28:31.000Z,Me ha gustado un v√≠deo de  @YouTube  de @tonyd42799954 ( http://  - How to make a Custom Nameplate -  3D Printed  - HD).,0,0,0,0
Innovation Hub,@IHubRadio,2016-07-06T19:26:03.000Z,"3D printing , responsive clothes, & fashion's future.  @mfaboston  explores them in  #techstyle .  http://",0,3,3,0
SolidSmack,@SolidSmack,2016-07-06T16:41:55.000Z,Create Your Own IKEA Side Table Large Format  3D Printer  with New Tutorial Series  http:// eate-9-99-ikea-side-table-large-format-3d-printer-new-tutorial-series/ ‚Ä¶ #3DPrinting,0,0,0,0
Fernando Romero Enterprise,@fr_ee_archt,2016-07-06T16:59:04.000Z,Bj√∂rk unveils amazing  3D-printed  mask based on her muscular system.,0,0,0,0
3Druck,@Druck3D,2016-07-06T17:07:53.000Z,http://  -  3D Printing  with Carbon‚Äôs Prototyping Resin: the complete Q&A -   https:// 6/3d-printing-with-carbons-prototyping-resin-the-complete-qa/ ‚Ä¶,0,0,0,0
Claudia,@signorina37H,2016-07-06T15:58:58.000Z,"V3, No Weld,  3D Printed , Electric Longboard  http:// #rounders",0,0,0,0
3DHouses,@3DHousesdotcom,2016-07-06T16:18:02.000Z,"#News  3D Hubs Releases Worldwide  3D Printing  Trends Report for July 2016, Format Goes Quar...  http:// #3DPrinting #House",0,0,0,0
Vero4ka Petroff,@vero4ka_petroff,2016-07-06T18:47:31.000Z,3D Printer  Giveaway by  @toms3dp  @3dprinterchat  @joeltelling @antonmnsson @danielnoree https:// -3d-printer-every-three-months ‚Ä¶ #3dprinting #3dprinterchat,0,0,0,0
ICPA IRMCA,@ConcreteState,2016-07-06T19:25:08.000Z,Eindhoven University of Technology (TU/e) Unveils Massive Robotic  #Concrete 3D Printer,0,0,0,0
Michelle Keegan,@h2oprintmedia,2016-07-06T17:40:39.000Z,"OMNI3D's Factory 2.0 industrial FFF  3D printer  now available
  http:// ;  #3dprinting  Omni_3Dpic.http:‚Ä¶",0,0,0,0
3D Platform,@3DPUnlimited,2016-07-06T17:00:50.000Z,Great step-by-step video on how you can create an ambiguous cylinder illusion for  3D printing .  http://,0,0,0,0
3dprintfeed,@3dprintfeed,2016-07-06T19:13:10.000Z,3D Printing  in Rakkestad  http://,0,0,0,0
NG3D 3D Printing,@ng3dprinting,2016-07-06T16:28:04.000Z,OMNI3D Releases Factory 2.0 industrial FFF  3D printer http:// #3DPrinting #3DPrint #3D,0,0,0,0
luxury travl,@LuxTravl,2016-07-06T17:50:03.000Z,3D-Printed  Board Games - 'mARENA' is a Combat Game That Combines Magic and Strategy (TrendHun...  http:// #luxury #travel,0,0,0,0
Printed Electronics,@PE_Now,2016-07-06T17:58:15.000Z,Noa Ghersin' of  @LuxResearch  has an excellent blog on  3D Printing  Wearables that offers some great insights -  http://,0,0,2,0
3DPrintingTrends,@3DPrintingScan,2016-07-06T18:48:08.000Z,UK Defense Firm BAE Systems Wants to ‚ÄúGrow‚Äù Drones in Vats with Chemical  3D Printing http://,0,0,0,0
3D Printing Fans,@3DPrintingFans,2016-07-06T19:07:09.000Z,10-Year-Old Roboticist Awarded Paris Innovation Fellowship https:// s-innovation-fellowship/ ‚Ä¶ #robotics,0,0,0,0
Interactive Learning,@InteractiveLeCR,2016-07-06T17:19:56.000Z,Teenager  3D printed  a prosthetic hand for his brother  http://,0,0,0,0
NIHL 3D Printing,@NIHL3D,2016-07-06T16:06:56.000Z,Repopulating Decellularized Kidney Scaffolds: An Avenue for Ex Vivo Organ Generation. - PubMed - NCBI  http://,0,0,0,0
Maria Minacapelli,@MariaAZRealtor,2016-07-06T19:07:42.000Z,Architects claim this  3D-printed  house is earthquake-proof -  #PhoenixRealEstate #3DPrint http://,0,0,0,0
Noah Wilson,@Noahwilson09,2016-07-06T16:51:10.000Z,#Liveme  Giveaways GoPro and  3D-Printer #JoinMe  Noah.wilson09‚Äôs  #onairnow ~  http:// ideoid=14678238181462218257&kid=1&shareto=twitter ‚Ä¶,0,0,0,0
businesspress24,@businesspress24,2016-07-06T16:18:34.000Z,3D Printing  of abrasive Materials  http://,0,0,0,0
Michelle Gallucci,@M4Gallucci,2016-07-06T15:51:42.000Z,Cancer survivor given  3D printed  jaw  http://,0,0,0,0
CAD Blog Watch,@CADBlogWatch,2016-07-06T16:56:43.000Z,Create Your Own $9.99 IKEA Side Table Large Format  3D Printer  with New Tutorial Series  http://,0,0,0,0
3DMAD,@3dmad,2016-07-06T18:33:00.000Z,Teamwork Between Siemens and the Fraunhofer Institute Results in New Uses of  Additive Manufacturing http://,0,0,0,0
Richard Canfield,@BackBrook,2016-07-06T18:06:51.000Z,What Could a True Ceramic  3D Printer  Actually Do?  http:// . Hard clay filament next.,0,0,0,0
Fabbaloo,@fabbaloo,2016-07-06T18:01:43.000Z,The  3D Printer  Filament Stats We Really Want  http:// #3DPrinting,0,3,5,0
3DCars,@3Dcarsdotcom,2016-07-06T17:05:59.000Z,UK Defense Firm BAE Systems Wants to ‚ÄúGrow‚Äù Drones in Vats with Chemical  3D Printing : While...  http:// #News #3DPrinting,0,0,0,0
Mind First,@mind_first,2016-07-06T16:47:02.000Z,"""The first transparent  3D-printed  skull has been successfully implanted"" |  http:// -the-first-transparent-3d-printed-skull-has-been-successfully-implanted ‚Ä¶  via  @ExtremeTech",0,0,0,0
Michelle Keegan,@h2oprintmedia,2016-07-06T17:40:31.000Z,"GE Ventures and Saudi Aramco invest in metal  3D printing  startup Desktop Metal
  http://  #http://3d‚Ä¶",0,0,0,0
Curso 3D Printing,@Curso3DPrinting,2016-07-06T19:25:45.000Z,Unfold improves unusual  3D printed  ceramics using ViscoTec FDD technology  http://,0,0,0,0
Fictiv,@fictiv,2016-07-06T19:21:07.000Z,. @fabbaloo  shares how  3D printing  can replace a stolen car logo  http:// /defeat-thieves-with-3d-printed-stolen-logos ‚Ä¶,0,1,2,0
911EDA PCB Design,@911EDA,2016-07-06T16:21:03.000Z,Nano Dimension Achieves Important Milestone in  3d-Printed  Circuit Boards  http:// nsion-achieves-important-milestone-3d-printed-circuit-boards ‚Ä¶,0,0,0,0
Giovanna,@GiovannaKrysten,2016-07-06T17:01:34.000Z,How to  3D Print  Your Cosplay Costumes  http://  via  @PCMag,0,2,0,0
Chad Price,@YeaYuh,2016-07-06T16:37:47.000Z,Join the  3D Printer  Giveaway by   https:// -3d-printer-every-three-months ‚Ä¶ #3dprinting #3dprinterchat,0,0,0,0
Peter Bressler,@pwbdesign,2016-07-06T16:25:26.000Z,This is pretty damned impressive!!  3D Printed  Digital Sundial  https://  via  @YouTube,0,0,0,0
The Pixelist,@the_pixelist,2016-07-06T17:53:54.000Z,3D-Printed  Board Games - 'mARENA' is a Combat Game That Combines Magic and Strategy (Trend‚Ä¶  http://,0,0,0,0
Un1v3rs0 Z3r0,@Un1v3rs0Z3r0,2016-07-06T15:35:59.000Z,"Build a  3D Printer  Workhorse, Not an Amazing Disappointment Machine  http://",0,0,0,0
FFJournal,@FFJournalUpdate,2016-07-06T17:01:32.000Z,Super-strong and airy  3D-printed  supermaterials inch closer to reality  http:// @gizmag,0,0,0,0
Leonar3do,@Leonar3do,2016-07-06T16:45:15.000Z,"Think Big, Print Bigger!: Education is the key to moving forward, and  3D printing  is getting its own forms of...  http://",0,0,0,0
WindsorPublicLibrary,@windsorpublib,2016-07-06T18:01:52.000Z,"3D PRINTING  MAYHEM at Seminole library, call us or drop-by the library to make one of your very own!",0,3,4,0
mad4cakes,@mad4cakes_com,2016-07-06T15:45:11.000Z,Check out the latest trend in wedding cake toppers. Have yourselves  3D printed !! #caketoppers #3dprinting #wow,0,0,0,0
Jake Anbinder,@JakeAnbinder,2016-07-06T16:18:30.000Z,Why don't we just make every commuter  3D print  their own section of the railcar? That's about as efficient.,0,0,0,0
Option Economy,@3DLILA,2016-07-06T17:55:30.000Z,OLO ‚Äì The First Smartphone  3D Printer  -  https:// o-the-fist-smartphone-3d-printer/ ‚Ä¶,0,0,0,0
Fulghore,@FabrizioDoni,2016-07-06T18:30:01.000Z,J-CAD Uses Virtual Reality and  3D Printing  to Help Design Origami-Inspired Face Masks -  http://,0,0,0,0
Susie_SusanaAlways SmileLife is 2 Good Not 2,@Susie_X_Susana,2016-07-06T16:47:56.000Z,Your aquarium just got a lot more interesting! These  3D printed  miniature landscapes are ..  http://,0,0,0,0
Adia,@AdiaInc,2016-07-06T18:00:47.000Z,#3DPrinting  in the  #Medical  field continues to flourish..Toddler's heart reapired thanks to CAD and  3D printing :  http://,0,0,0,0
carl.manz,@3Dfacts,2016-07-06T17:03:01.000Z,University at Buffalo Students Promote World Peace with  3D Printed  Shoes:  http://  (via  @3DPrint_com ),0,0,0,0
Innovation and Consultancy Service,@iLab_NI,2016-07-06T15:54:22.000Z,The  3D printer  in action,1,1,2,0
carl.manz,@3Dfacts,2016-07-06T17:17:25.000Z,Customized  3D Printed  Medical Models Enhance Surgical Training at CBMTI  http:// printed-surgical-training-models-video/ ‚Ä¶  via  @3d_printers,0,0,0,0
Rob Stipek,@Rstipek3200,2016-07-06T15:58:36.000Z,3D Printing  and  #Medicine : Product Design  #innovation http:// ng-medicine-product-design-84182/ ‚Ä¶,0,0,0,0
Renan Leser,@RenanLeser,2016-07-06T17:49:06.000Z,UK Defense Firm BAE Systems Wants to ‚ÄúGrow‚Äù Drones in Vats with Chemical  3D Printing : While  3D printing  could...  http://,0,0,0,0
Middy Matthews,@MiddyMatthews,2016-07-06T16:00:52.000Z,"These hypnotic,  3D printed  waterscapes were designed to let your aquatic pets interact ..  http://",0,0,0,0
MCiLab,@MCiLAB,2016-07-06T18:25:13.000Z,SUCCESS!  @FitzASCA @KristyMiller625  &  @Joe_Mazza  just put together the @DremelEdu  3D Printer #naesp16 #makerED,0,9,8,0
Jen Gibson #kcitogether,@JGibsonSB,2016-07-06T16:28:12.000Z,"PDLN, Dremel partner on teacher PD badges for  3D printing https://",0,0,0,0
NIHL 3D Printing,@NIHL3D,2016-07-06T16:05:43.000Z,3D Printed  Micro Free-Flow Electrophoresis Device. - PubMed - NCBI  http://,0,0,0,0
IT-Works 3d,@ITWorks3DPrint,2016-07-06T18:37:35.000Z,"Lulzbot Used TAZ 5  3D Printer  12967 ""Excellent 'A' Condition""  http:// :  http://  via  @YouTube",0,0,0,0
"Mary Hawley, #Realtor",@MHhomes,2016-07-06T18:52:13.000Z,Architects claim this  3D-printed  house is earthquake-proof -  #PhoenixRealEstate #3DPrint http://,0,0,0,0
BECT Computers & 3D Printing,@bectcomputing,2016-07-06T17:08:33.000Z,"Hello everyone, have a great Wednesday! looking forward to read your tweets :)  http://  (Via  http:// a_commun_it ‚Ä¶ )",0,0,0,0
Additive Manufacturing Media,@AddMfgMedia,2016-07-06T15:55:28.000Z,3 options for cooling mold core.  @Team_PTI  sees possibilities in #3:  http://,0,1,4,0
Jon Bengoetxea Zuriarrain,@benzuria,2016-07-06T15:59:12.000Z,Eco Concrete uses Highcon paper  3D printing  machine to help create incredible concrete bench: Eco...  http:// #3dprinters,0,0,0,0
Joseph DuFort,@JoeDufort,2016-07-06T19:15:09.000Z,How a Small Business Can Benefit from Owning a  3D Printer  -  http:// #HHD #ProudAmerican #Tech,1,0,0,0
3D Printing News,@My3DPrinting,2016-07-06T17:29:06.000Z,UK Defense Firm  @BAESystemsplc  Wants to ‚ÄúGrow‚Äù Drones in Vats with Chemical  #3DPrinting https:// tems-grow-drones/ ‚Ä¶,2,1,4,0
Roost Laptop Stand,@theRoostStand,2016-07-06T16:52:24.000Z,MEET THE WINNERS OF STAR TREK AND NASA'S STUDENT  3D PRINTING  CHALLENGE //  http://,0,0,0,0
EEZITEC,@eezitec,2016-07-06T17:40:55.000Z,3D Printed  Parts On Juno Spacecraft Make It To Jupiter! More on  http:// #eezitec https://,0,0,0,0
Tweedewoning.eu 35.0,@Secondhomeeu,2016-07-06T17:55:27.000Z,World's first  3D-printed  office building completed in Dubai  http:// ice-dubai-completed/43522/ ‚Ä¶,0,3,1,0
Chris Muncy,@ChrisMuncy,2016-07-06T18:21:46.000Z,I liked a  @YouTube  video  http:// 3D Printing  Ambiguous Cylinders,0,0,0,0
Oriol Nicolas,@oriolnicolas,2016-07-06T15:46:54.000Z,Akinori Goto  #3D #printed #animation http://,0,2,2,0
3DLT,@3DLT,2016-07-06T18:37:08.000Z,Juno Took  3D-Printed  Parts Further Into Space Than Ever  http:// #3Dprinting,0,3,5,0
3D Printing News,@My3DPrinting,2016-07-06T18:29:03.000Z,Teamwork Between Siemens and the Fraunhofer Institute: New Uses of  #AdditiveManufacturing https:// -fraunhofer-institute/ ‚Ä¶,0,4,1,0
J. N. Buck,@TerranEmpire,2016-07-06T17:02:01.000Z,Juno Took  3D-Printed  Parts Further Into Space Than Ever -  3D-printed  titanium is keeping Juno toget  http:// es/a21687/junos-the-first-spacecraft-with-3d-printed-parts/ ‚Ä¶  via  @PopMech,0,0,0,0
Dianyelo G Open for photoshoots & 3D printing,@DianyeloG,2016-07-06T18:41:21.000Z,It was a great pleasure working  @miss_nadia_noir  again great model and great to work with and‚Ä¶  https://,0,0,0,0
carl.manz,@3Dfacts,2016-07-06T17:09:39.000Z,IKEA Releases GL√ñDANDE Characters for Free  3D Printing https:// eleases-glodande-characters-for-free-3d-printing/#.V307TpJWCuk.twitter ‚Ä¶,0,0,0,0
3DCars,@3Dcarsdotcom,2016-07-06T16:18:01.000Z,"3D Hubs Releases Worldwide  3D Printing  Trends Report for July 2016, Format Goes Quarterly: ...  http:// #News #3DPrinting",0,0,0,0
Ryan Dombrosky,@PASmallBiz,2016-07-06T15:58:41.000Z,Pharma firm that uses  3D printing  to make medicines raises $30M  http:// #PhillyBiz,0,0,0,0
Mark Carey,@Mark_Carey,2016-07-06T17:30:44.000Z,"3D Printing  Takes Car Customization To New Heights, lets buyers order customized  parts of auto body  http://",0,0,0,0
3DPrint_news,@3dprint_news,2016-07-06T15:41:07.000Z,RT  @McKeePRGuy  . @Xerox  helps  #RIT  establish  Additive Manufacturing  Center to develop next generation of  #3D  printi‚Ä¶  http://,0,2,0,0
Event Car Share,@eventcarshare,2016-07-06T16:47:26.000Z,RT @FashionTechAce RT  @retailpractice : Can  #3D #printing  be a game-changer?  http:// #fashion #sustainability #tech  ht...,0,3,1,0
3D Printing @ùüëùêÉùêöùêõùê•ùêû,@3Dable,2016-07-06T17:08:08.000Z,FA  #3DP : Idea: Human Drone Scanning  http:// #3D #3DPrinting,0,0,0,0
3DPrint_news,@3dprint_news,2016-07-06T17:09:21.000Z,RT  @RobertGWagner  . @Xerox  helps  #RIT  establish  Additive Manufacturing  Center to develop next generation of  #3D  pri‚Ä¶  http://,0,0,0,0
Nate Hastings,@NateHastingsAZ,2016-07-06T18:01:43.000Z,Architects claim this  3D-printed  house is earthquake-proof -  #PhoenixRealEstate #3DPrint http://,0,0,0,0
Kiran Pothula,@KPothula,2016-07-06T19:07:20.000Z,Fun making creating and learning all at the same time. My cup/saucer -  3D printing  pen  @MakerEdTO  with  @allanteresa,0,4,1,0
ùïµùñîùñì,@JustJon,2016-07-06T16:57:14.000Z,"The latest episode The Creators Call Podcast is out, with  @allievice  of  @3Doodler . Come learn about  3D printing  pens https:// nology/the-creators-call-podcast-episode-5-3doodler-a16e7bc14800#.fsx6j05rg ‚Ä¶",0,0,0,0
3D Printing Industry,@3dprintindustry,2016-07-06T16:41:32.000Z,"Think Big, Print Bigger! -  http://  -  #3dprinting #campobase #summerschool",0,2,6,0
Alexander Daniels Global,@AD_GlobalTalent,2016-07-06T16:09:24.000Z,"Alcoa has opened its new state-of-the-art,  3D printing  metal powder production facility!  https://",0,0,0,0
3dprintfeed,@3dprintfeed,2016-07-06T16:07:38.000Z,Eventuri:  3D Printing  Intake Systems for Performance Cars  http://,0,0,0,0
Print it in 3D,@goprinting3D,2016-07-06T17:36:15.000Z,CNN Coverage of 3DPhotoWorks -  3D Printing  for the Blind. by 3DPhotoWorks  http:// #3DPRINTING,0,0,0,0
Winnetka-Northfield Public Library District,@WinnLib,2016-07-06T19:22:07.000Z,3D print  a  #GameofThrones  themed door stop at The Studio  @winnlib http:// #3dprinting  Stop in!,0,0,0,0
Beckatt Solutions,@Beckatt,2016-07-06T19:24:45.000Z,Why Businesses Need to Start Investing in  3D Printing  Now  http://,0,0,0,0
NOVATION Industries,@NovationInd,2016-07-06T18:24:31.000Z,3D Printing  Solutions for Composite Tooling at SAMPE 2016  http://,0,0,0,0
3DPrintingTrends,@3DPrintingScan,2016-07-06T17:42:12.000Z,Which  3D Printing  Process is Right for You? ‚Äì The  3D Printed  Letter Test  http://,0,0,0,0
Leonar3do,@Leonar3do,2016-07-06T15:59:14.000Z,Eco Concrete uses Highcon paper  3D printing  machine to help create incredible concrete bench: Eco Concrete Id...  http://,0,0,0,0
Kelly Davies,@KDaviesHomes,2016-07-06T17:45:42.000Z,Your aquarium just got a lot more interesting! These  3D printed  miniature landscapes are ..  http://,0,0,0,0
Kyle T. Kerr,@QEWIndustrial,2016-07-06T16:01:47.000Z,"Drones, Robotics,  3D Printing  Part of Technology Focus at UPS  http://",0,0,0,0
Newswire IO,@newswireio,2016-07-06T15:43:03.000Z,"Build a  3D Printer  Workhorse, Not an Amazing Disappointment Machine  #News http://",0,0,0,0
Camille Brodhag,@CamilleBrodhag,2016-07-06T17:15:12.000Z,Former NASA Engineer Builds Massive NERF Blaster with Help from Eclectical Engineering & a  3D Printer http:// @Experimentboy,0,0,0,0
Chuck Brooks,@ChuckDBrooks,2016-07-06T15:48:19.000Z,Super-strong and airy  3D-printed  supermaterials inch closer to reality  http:// ted-supermaterials/43836/ ‚Ä¶  via  @gizmag,0,0,0,0
CPCC/IVNet,@cpointccivnet,2016-07-06T17:55:26.000Z,CPCC-IVNet MakerBot Monday 7-4-16  3D Printing : J.K. Rowling has been busy lately. With a new book called Fant...  http://,0,0,0,0
i'm open source!,@Antoniobeta34,2016-07-06T17:54:12.000Z,3D Printer  giveaway by @3dprinterchat  @toms3dp @joeltelling @antonmnsson @danielnoree https://,0,0,0,0
carl.manz,@3Dfacts,2016-07-06T17:01:19.000Z,J-CAD Uses Virtual Reality and  3D Printing  to Help Design Origami-Inspired Face Masks:  http://  (via  @3DPrint_com ),0,0,0,0
EtsySocial,@EtsySocial,2016-07-06T15:35:04.000Z,3d printed  Water color  https:// 270238371/3d-printed-water-color-elephant-iphone?ref=shop_home_feat_4 ‚Ä¶  via  @EtsySocial #Etsymntt,0,1,77,0
3D Innovations,@3D_Innovations,2016-07-06T18:40:00.000Z,"Remotely Control Your  3D Printer  With Free, Open-Source Software  http://  via  @DesignNews #3Dprinting #additivemanufacturing",0,0,0,0
Becoming 3D,@Becoming3D,2016-07-06T18:42:02.000Z,RT  @ng3dprinting : Star Trek Competition Takes  3D Printing  to Space  http:// #3DPrinting #3DPrint #3D,0,0,0,0
For√°neo Estudio,@foraneoestudio,2016-07-06T17:08:24.000Z,"via  @40fakes  Akinori Goto  3D printed  zootrope: 

S√≠, Akinori Goto cre√≥ este incre√≠ble zootrope impreso en 3D ...  http://",0,0,0,0
TOPODATA,@topodata,2016-07-06T18:18:46.000Z,"""Curve Appeal"" will be globe's first Freeform  3D printed  house  http://  TOPODATA en Arquitectura",0,0,0,0
MrZ Cosplay,@MrZCosplay,2016-07-06T16:35:23.000Z,Using  3D printer  bed tape to assemble I make thin strips will be easier to pull apart later for remaking in foam,0,0,0,0
"Cerasis, now part of GlobalTranz",@Cerasis,2016-07-06T19:03:06.000Z,#SME  Announces Winners of the 2016  #SkillsUSA  Additive  #Manufacturing  Competition via  @PRNewswire http://,0,0,0,0
Fabbaloo,@fabbaloo,2016-07-06T18:01:41.000Z,Cecile Van Der Waal ‚Äì ‚ÄúI Want to Put  3d Printing  in the Hands of as Many People‚Ä¶  http:// #3DPrinting,0,7,5,0
Business ideas to go,@businessidea2go,2016-07-06T17:26:57.000Z,3D printing  company? Check it out @  http:// /3d-printing-company.html ‚Ä¶ #business #businessideas #entrepreneur,0,0,0,0
CoolNerd,@coolnerdco,2016-07-06T19:24:32.000Z,ICEMAN3D D150 Wireless Remote  3D Printer  Bundle - White -  https:// 3d-d150-wireless-remote-3d-printer-bundle-white/ ‚Ä¶ #3dprinting,0,0,0,0
Quantumesque,@quantumesque,2016-07-06T16:22:55.000Z,Can we really grow aircraft? -  3D Printing  Industry:  3D Printing  IndustryCan we really grow aircraft? 3D Print ...  http://,0,0,0,0
Stephanie Gee,@az_geerealty,2016-07-06T19:07:42.000Z,Architects claim this  3D-printed  house is earthquake-proof -  #PhoenixRealEstate #3DPrint http://,0,0,0,0
Contenedor,@E_Contenedor,2016-07-06T17:08:22.000Z,"Akinori Goto  3D printed  zootrope: 

S√≠, Akinori Goto cre√≥ este incre√≠ble zootrope impreso en 3D y la animaci√≥...  http://",0,0,0,0
AIA Dallas YAF,@AIADallasYAF,2016-07-06T18:32:42.000Z,"#dalyaf  ""Curve Appeal"" will be globe's first Freeform  3D printed  house  http://",0,0,0,0
Valter Gouveia,@ValterGouveia,2016-07-06T17:05:59.000Z,UK Defense Firm BAE Systems Wants to ‚ÄúGrow‚Äù Drones in Vats with Chemical  3D Printing : While  3D printing  could...  http://,0,0,0,0
NYC Social Group,@nycsocialg,2016-07-06T15:41:40.000Z,BRIEF-Alcoa opens  3D printing  Metal Powder Plant,0,0,0,0
Metals/Mining News,@D_metal_minings,2016-07-06T18:16:26.000Z,#Alcoa  Opens  3D Printing  Metal Powder Plant. Read more:  http:// $AA,0,0,0,0
Marin Polishing,@MarinPolishing,2016-07-06T15:43:03.000Z,Polymaker Kickstarter campaign to  3D Print  without layers!  #polishing #pulidos #restauraci√≥n http://,0,0,0,0
Karla Ortega,@karlisconk,2016-07-06T17:08:23.000Z,Akinori Goto  3D printed  zootrope  http://,0,0,0,0
Dan Searle,@dans760,2016-07-06T19:07:34.000Z,Stratasys  3D Printing  Reaches New Heights in Aerospace Engineering at ULA  https://,0,0,0,0
m e l i n a,@H0neyBrains,2016-07-06T19:23:05.000Z,"Would You Ride Olli, The  3D-Printed , Self-Driving Minibus? 

I. WANT. TO. RIDE. ONE.  https:// u-ride-olli-the-3d-printed-self-driving-minibus-curiosity?ref=ios-dc ‚Ä¶",0,2,0,0
Kelly Davies,@KDaviesHomes,2016-07-06T17:45:34.000Z,Your aquarium just got a lot more interesting! These  3D printed  miniature landscapes are designed for your...  http://,0,0,0,0
Classcraft,@classcraftgame,2016-07-06T17:00:08.000Z,How do you make the Classcraft experience unique?  @MrBaskwill  made a map with  3D-printed  team bases!  #MyClassMyCraft,0,2,3,0
Lazer3dCNC,@LazerPrint2CNC,2016-07-06T18:09:14.000Z,#3dprinting  Send from China !QIDI TECH dual extruder  3d printer  W/2‚Ä¶  http:// http://,0,0,0,0
carl.manz,@3Dfacts,2016-07-06T16:58:29.000Z,Fine dining chefs explore potential of  3D printing http:// ing-chefs-explore-potential-of-3d-printing ‚Ä¶,0,0,0,0
AP Morgan Estate Agents,@ap_morgan,2016-07-06T15:59:57.000Z,3D-printed  Chinese villa is virtually indestructible -  http://,0,0,0,0
Fabbaloo,@fabbaloo,2016-07-06T18:01:39.000Z,What Could a True Ceramic  3D Printer  Actually Do?  http:// #3DPrinting,0,1,5,0
mUVe 3D LLC,@mUVe3DLLC,2016-07-06T16:36:25.000Z,"3D Hubs Releases Worldwide  3D Printing  Trends Report for July 2016,‚Ä¶  http:// #3Dprinting #mUVe3D",0,0,0,0
EAO,@EAO_Association,2016-07-06T15:35:26.000Z,Australian engineers have developed a method for  3D printing  biomaterials directly into a patient‚Äôs mouth  http://,0,0,0,0
Angel Decuir,@motodecuir,2016-07-06T16:43:41.000Z,3D Printed  Super Mario Bros. Artwork to be Awarded to a Lucky Winner at Summer Games Done Quick 2016  http://,0,0,0,0
Alex Ignatius,@aleksignatius,2016-07-06T16:16:08.000Z,Eco Concrete uses Highcon paper  3D printing  machine to help create incredible concrete bench  http://,0,0,0,0
3D Printing Insights,@3Printin,2016-07-06T18:31:33.000Z,UK Defense Firm BAE Systems Wants to ‚ÄúGrow‚Äù Drones in Vats with Chemical  3D Printing http://,0,0,0,0
CoolNerd,@coolnerdco,2016-07-06T18:51:00.000Z,"JFG...This is Great Filament, JFG-CFP-WT01, ABS, 1.75mm, 2.2lbs,  3D Printer  Filament, White -  https:// is-is-great-filament-jfg-cfp-wt01-abs-1-75mm-2-2lbs-3d-printer-filament-white/ ‚Ä¶ #3dprinting",0,0,0,0
Kirk Van Wormer,@selfishchildren,2016-07-06T15:44:06.000Z,"OK-Time to stop using the term "" 3D Printed "". It's like saying ""I used a screwdriver!"" Good design stands on it's own",0,0,0,0
Ctrl+F5 Tech News,@CtrlF5tech,2016-07-06T17:29:51.000Z,This Artist Is Biohacking The Body To  3D-Print  Fantastical Human Bones: The Regenerative Reliquary project ai...  http://,0,0,0,0
Vera,@mymunichlife,2016-07-06T16:04:34.000Z,3D printed  World Cup for the president of Argentina  @mauriciomacri @Siemens @siemens_press,0,0,0,0
Acondel,@Acondel_,2016-07-06T18:57:27.000Z,Alcoa opens  3D printing  metal powder plant in Pittsburgh -  http:// -printing-metal-powder-plant-in-pittsburgh/ ‚Ä¶  - -  #3DPrinting,0,0,0,0
Best Online Drones,@BestOnlineDrone,2016-07-06T18:40:34.000Z,10  3D Printed  Drones to Satisfy Your Inner Pilot -  3D Printing  Industry  http://,0,2,0,0
Moulds & Plastics,@MouldsPlastics,2016-07-06T18:16:28.000Z,"Teamwork Between Siemens and the Fraunhofer Institute Results in New Uses of  Additive Manufacturing :

With climate‚Ä¶  http://",0,0,0,0
Lani,@lanilabs,2016-07-06T18:46:03.000Z,Thanks The Record for writing this article about us! We're excited to see  3D printing  become more accessible to all  http://,0,2,0,0
Silverbeam's_ Magic,@Silverbeamagic,2016-07-06T18:05:16.000Z,http:// Horns and doll goodies at my shapeways shop! Get a little  3D printing  magic for your bjd,0,0,0,0
Sergey Stetsura,@stetsura83,2016-07-06T18:50:38.000Z,3D Printer  Giveaway by  @toms3dp  @3dprinterchat  @joeltelling @antonmnsson @danielnoree https:// -3d-printer-every-three-months ‚Ä¶ #3dprinting #3dprinterchat,0,0,0,0
B2B,@B2B_PROCURE,2016-07-06T18:09:12.000Z,Additive Manufacturing  Market: Global Industry Analysis and Forecast 2016 - 2026:  Additive manufacturing  is a...  https://,0,0,0,0
Gary Weston,@GaryWeston11,2016-07-06T17:54:52.000Z,"Think Big, Print Bigger! -  3D Printing  Industry  http://",0,0,0,0
Aquaponics Made Easy,@theaquaponics,2016-07-06T18:36:36.000Z,Star Trek Competition Takes  3D Printing  to Space -  3D Printing  Industry  http://,0,0,0,0
CoolNerd,@coolnerdco,2016-07-06T19:24:41.000Z,ICEMAN3D D150 Wireless Remote  3D Printer  Bundle - Red -  https:// 3d-d150-wireless-remote-3d-printer-bundle-red/ ‚Ä¶ #3dprinting,0,0,0,0
1StopLandscapeSupply,@1StpLandscapeFL,2016-07-06T16:03:01.000Z,3D printing  is bringing down the cost of solar panels. Does this make you consider alternative energy?  http://,0,0,0,0
Blitz,@Darkspiral_94,2016-07-06T15:36:01.000Z,Winners of Future Engineers  3D Printing  Star Trek Replicator Challenge Announced -  http:// http://,0,0,0,0
FAU's V-BASS,@2_Hullz,2016-07-06T19:24:08.000Z,"Ongoing  3D printing , our powerful support!  #RoboBoat #RoboNation  @AUVSIFoundation",0,0,0,0
3dprintfeed,@3dprintfeed,2016-07-06T18:12:31.000Z,"3D Hubs Releases Worldwide  3D Printing  Trends Report for July 2016, Format Goes Quarterly  http://",0,0,0,0
DIY 3Dprinted com,@DIY3dprinted,2016-07-06T19:03:26.000Z,Super-strong and airy  3D-printed  supermaterials inch closer to reality -  http://,0,0,0,0
ABW Technologies,@abwtechnologies,2016-07-06T18:51:50.000Z,Juno‚Äôs  3D-Printed  Parts Survive Trip to Jupiter:  http:// #Space #Juno #3DPrint,0,2,3,0
Anne Darche,@annedarche,2016-07-06T17:29:39.000Z,How  3D Printing  Is Turning the Furniture Busine...  @Architizer http://  #,0,0,0,0
AR,@AnamRathor,2016-07-06T18:30:40.000Z,Ambiguous Cylinder Illusion Explained by  3D Printing http:// nder-illusion-explained-by-3d-printing/ ‚Ä¶,0,0,0,0
¬©WathUponDearne,@wathupondearne,2016-07-06T18:14:33.000Z,"#wathupondearne  Latest: Olli, the  3D printed  self-driving bus  http://",0,0,0,0
Charles Russo,@Charles_M_Russo,2016-07-06T19:00:23.000Z,"""Curve Appeal"" will be globe's first Freeform  3D printed  house  #3dprinting http:// 49956296/curve-appeal-will-be-globe-s-first-freeform-3d-printed-house ‚Ä¶",0,0,0,0
3D Agent,@3D_Agent,2016-07-06T17:01:07.000Z,3D Designer Francis Bitonti Teams Up with Electronic Music Duo Feral Five to Make  3D Printed  Music  #website https:// 40 ‚Ä¶,0,0,0,0
Community Manager,@colmenasm,2016-07-06T16:10:49.000Z,Akinori Goto  3D printed  zootrope  #Art #Fake http://,0,0,0,0
"Libertarian, Homesteading, 3D Printing",@Liberty3DPrints,2016-07-06T17:49:37.000Z,I am working on videos taking on the stuff in the show full frontal with Samantha Bee is this something that interests people?,0,0,0,0
carl.manz,@3Dfacts,2016-07-06T17:00:15.000Z,3D Printer  Spool Hub / Holder by henryarnold  http://,0,0,0,0
Ruggero Respigo,@RuggeroRespigo,2016-07-06T19:14:54.000Z,Unfold improves unusual  3D printed  ceramics using ViscoTec FDD technology  https:// old-improves-unusual-3d-printed-ceramics-using-viscotec-fdd-technology ‚Ä¶,0,0,0,0
Fahad H.,@NHBluetooth32,2016-07-06T17:26:31.000Z,#Juno  Took  3D-Printed  Parts Further Into  #Space  Than Ever -  3D-printed  titanium is keeping Juno toget  http:// es/a21687/junos-the-first-spacecraft-with-3d-printed-parts/ ‚Ä¶  via  @PopMech,0,0,0,0
PCH,@PCH_Intl,2016-07-06T18:13:08.000Z,"Designed by  @NeriOxman ,  @Bjork 's  3D printed  mask emulates muscles, tissues via  @FastCoDesign http://",0,0,0,0
3D Print .com,@3DPrintBoard,2016-07-06T19:27:04.000Z,10-Year-Old Roboticist Awarded Paris Innovation Fellowship https:// s-innovation-fellowship/ ‚Ä¶ #robotics,0,6,5,0
Levine Dental,@LevineDental,2016-07-06T17:26:32.000Z,"Shirley Anderson, 68, receives a whole new  3D printed  jaw after long battle with tongue cancer  http:// 630-shirley-anderson-68-receives-3d-printed-jaw-prosthesis-after-long-battle-with-tongue-cancer.html ‚Ä¶",0,0,0,0
Ruggero Respigo,@RuggeroRespigo,2016-07-06T16:29:49.000Z,"3D Hubs Releases Worldwide  3D Printing  Trends Report for July 2016, Format Goes Quarterly  https:// hubs-releases-worldwide-3d-printing-trends-report-for-july-2016-format-goes-quarterly ‚Ä¶",0,0,0,0
Curso 3D Printing,@Curso3DPrinting,2016-07-06T19:07:51.000Z,Alcoa opens  3D printing  metal powder plant in Pittsburgh  http://,0,0,0,0
3DWiggle,@3DWiggle,2016-07-06T16:00:38.000Z,Did you know that now you can actually  #3D  print jewelry directly onto your skin!?!  http:// #3dwiggle #inventions,0,0,0,0
Rich Benvin,@rbenvin,2016-07-06T17:41:06.000Z,Peter Diamandis on the future of  3D printing http://,0,0,0,0
Mike Senese,@msenese,2016-07-06T17:20:08.000Z,"Counter reports of its demise, I'm using  3D printing  more than ever. But disappointed that filament recycling has stalled. That's the key.",5,5,0,0
3DPrintingTrends,@3DPrintingScan,2016-07-06T16:38:19.000Z,Eco Concrete uses Highcon paper  3D printing  machine to help create incredible concrete bench  http://,0,0,0,0
3D Printing Tech,@_3Dprinting,2016-07-06T18:14:47.000Z,Teamwork Between Siemens and the Fraunhofer Institute Results in New Uses of Additive Ma...  http:// #3dprinting #3dprint,0,0,0,0
Ninja CNC,@Ninja_CNC,2016-07-06T16:13:37.000Z,#3D  Printing  #NASA #STARTREK  Challenge:   http:// 706-3d-printable-fungarium-and-astro-mini-farm-win-nasa-star-trek-replicator-challenge.html ‚Ä¶ #3dprinting,0,0,0,0
,@klydieklyde,2016-07-06T15:39:28.000Z,Marla Marchant's  3D printing  shoe collection for my dining chair inspiration.,0,0,0,0
3Druck,@Druck3D,2016-07-06T15:50:45.000Z,http://  - How Long Does it Take to Get a High-Quality  3D Print  in 100+ Materials a...  https:// is-3d-printing/ ‚Ä¶,0,0,0,0
Bracke Manufacturing,@brackemfg,2016-07-06T16:02:05.000Z,"Remotely Control Your  3D Printer  With Free, Open-Source Software  http://",0,0,0,0
Celadon | Mobile & Web App development,@CeladonSoft,2016-07-06T15:41:50.000Z,"Build a  3D Printer  Workhorse, Not an Amazing Disappointment Machine  http:// #startup #Dubai #KSA",0,0,0,0
carl.manz,@3Dfacts,2016-07-06T17:11:09.000Z,Eventuri:  3D Printing  Intake Systems for Performance Cars  https:// turi-audi/ ‚Ä¶  via  @all3dp,0,0,0,0
Julie Cwikla PhD,@JulieCwikla,2016-07-06T16:53:28.000Z,Coming Soon: DIY  3D Printer  Set  http:// chnik-3d-printer ‚Ä¶ #technology #STEMeducation,0,0,0,0
Rajaa,@rajaakahel,2016-07-06T18:29:21.000Z,3D Printer  giveaway by @3dprinterchat  @toms3dp @joeltelling @antonmnsson @danielnoree https://,0,0,0,0
Daniel Zapata,@danielzapatas,2016-07-06T17:08:25.000Z,Akinori Goto  3D printed  zootrope  http://  v√≠a  @40fakes,0,0,0,0
iam the CODEz,@iamtheCODEz,2016-07-06T15:36:20.000Z,"3D Printing  Business Secrets: From Modeling to Marketing SykYXyEU
‚òû  http://",0,0,0,0
Empire Green Tech,@EmpireGreenTech,2016-07-06T19:09:35.000Z,Alcoa opens  3D printing  metal powder plant in Pittsburgh  http://,0,0,0,0
oandpedge,@oandpedge,2016-07-06T17:45:15.000Z,We cannot get away from articles about  3D printing . They are coming ever more rapidly now. There are definite...  http://,0,0,0,0
Tom Lauerman,@tomlauerman,2016-07-06T18:47:32.000Z,"New Blog, New Post:  3D Printing  with Clay, Introduction:  http://",0,0,0,0
Pure Leverage Rep,@PureLeverageRep,2016-07-06T15:46:33.000Z,"BRIEF-Alcoa opens  3D printing  Metal Powder Plant - * Will produce proprietary titanium, nickel and aluminum pow...  http://",0,0,0,0
Leonard Briones,@SpaceAgeLender,2016-07-06T17:48:02.000Z,"These hypnotic,  3D printed  waterscapes were designed to let your aquatic pets interact ..  http://",0,0,0,0
3Druck,@Druck3D,2016-07-06T19:05:20.000Z,http://  - Alcoa opens  3D printing  metal powder plant in Pittsburgh -   http:// 706-alcoa-opens-3d-printing-metal-powder-plant-in-pittsburgh.html ‚Ä¶,0,0,0,0
Jon Bengoetxea Zuriarrain,@benzuria,2016-07-06T18:57:29.000Z,"Alcoa opens  3D printing  metal powder plant in Pittsburgh: Alcoa, a leader in lightweight metals t...  http:// #3dprinters",0,0,0,0
Killian Hobbs,@KillianHobbs,2016-07-06T16:47:04.000Z,"The slow, sad, and ultimately predictable decline of  3D printing http://",0,0,0,0
Stevie West,@steviewest1990,2016-07-06T17:21:08.000Z,"Learn How  3D Printing  Works, Why It‚Äôs All the Rage, and How to Do It  http:// rn-how-3d-printing-works-why-its-all-the-rage-and-how-to-do-it/ ‚Ä¶  via  @iDropNews",0,0,0,0
3D Printing Insights,@3Printin,2016-07-06T16:33:42.000Z,Eco Concrete uses Highcon paper  3D printing  machine to help create incredible concrete bench  http://,0,0,0,0
Gary Weston,@GaryWeston11,2016-07-06T15:49:13.000Z,3D-Printed  Chinese Villa Is Virtually Indestructible - Curbed  http://,0,0,0,0
alexis tousignant,@alexis_tou,2016-07-06T19:10:32.000Z,Scientists Create  3D-Printed  Jaw For Cancer Survivor  http:// ate-3d-printed-jaw-for-cancer-survivor/ ‚Ä¶  via  @Futurism  That's awesome to say the least,0,0,0,0
Camille Brodhag,@CamilleBrodhag,2016-07-06T16:36:02.000Z,Bj√∂rk performs first ever VR live stream show wearing  3D printed  mask by Neri Oxman  http:// @catherinegorge,0,0,0,0
aaronfoellmi,@aaronfoellmi,2016-07-06T19:15:08.000Z,BAE Systems reveals plans for Chemputer  3D printer  that chemically grows military drones  http://,0,0,0,0
Charles Russo,@Charles_M_Russo,2016-07-06T17:21:22.000Z,"UK Defense Firm BAE Systems Wants to ""Grow"" Drones in Vats with Chemical  3D Printing https:// tems-grow-drones/ ‚Ä¶",0,0,2,0
Art Planet,@ArtPlanetApp,2016-07-06T16:26:03.000Z,#ArtDesigns 3D Printed  Super Mario Bros. Artwork to be Awarded to a Lucky Winner at Summer Games Done ...  http://,0,0,0,0
Victoria Taylor,@victoriacoy4,2016-07-06T18:17:56.000Z,Students‚Äô  3D-printed  fungarium and Martian mini-farm win NASA ‚ÄòStar Trek Replicator Challenge‚Äô  http://,0,0,0,0
Khalid Tayar,@Khalid_Tayar,2016-07-06T19:04:14.000Z,Eco Concrete uses Highcon paper  3D printing  machine to help create incredible concrete bench  https://,0,0,0,0
m.y.ikegami_bot,@myikegami_bot,2016-07-06T15:35:17.000Z,"Build a  3D Printer  Workhorse, Not an Amazing Disappointment Machine  http://",0,0,0,0
All3DP,@All3DP,2016-07-06T17:55:09.000Z,Don't Miss  @RPES12  writing about Eventuri:  3D Printing  Intake Systems for Performance Cars  https:// turi-audi/ ‚Ä¶,0,0,0,0
pauline schombs,@pschombs,2016-07-06T18:08:35.000Z,"For real???     "" ....Currently, it is said that all microwave pancakes in the Netherlands are  3D printed , .....""     http:// d-food-growing-market-83916/ ‚Ä¶",1,0,0,0
John Hauer,@Get3DJohn,2016-07-06T16:22:08.000Z,How a  3D printer  could mean a breakthrough for joint-replacement surgery  http:// #Go3D,0,0,0,0
3d print,@Best3dprint,2016-07-06T19:10:41.000Z,"|  #3dprint  | colorFabb Now Sells a  3D Printer , and it‚Äôs a Big One  http:// http://",0,0,0,0
"Jenny Chen, M.D.",@radbuzzz,2016-07-06T18:59:20.000Z,Everyone needs a good story like this to keep on marching  #Cancer  patient receives a  #3D -printed  #jaw https://  via Engadget,0,2,3,0
Picked One!,@PickedOne,2016-07-06T16:22:47.000Z,"Build A  3D Printer  Workhorse, Not an Amazing Disappointment Machine  http:// #DIY",0,0,0,0
yojedesign,@YojeDesign,2016-07-06T16:07:44.000Z,"Build a  3D Printer  Workhorse, Not an Amazing Disappointment Machine: Comments",0,0,0,0
EEZITEC,@eezitec,2016-07-06T17:42:20.000Z,Do you like rockets?  You can  3D print  your own cool spacecraft with this PROYECTIL TOY LOGO by‚Ä¶  https://,0,0,0,0
J T,@tangoedtech,2016-07-06T16:40:05.000Z,3D Printed  Food - A Growing Market  http:// #makerspace #makerspaces,0,2,2,0
CADinfo Net,@CADinfoNet,2016-07-06T18:10:04.000Z,"Remotely Control Your  3D Printer  With Free, Open-Source Software  #cad http:// tion_id=1392&amp;doc_id=280848&amp;f_src=designnews_node_3056 ‚Ä¶",0,2,0,0
NIHL 3D Printing,@NIHL3D,2016-07-06T16:04:49.000Z,Ultrasound-induced Organogel Formation and Thin Film Fabrication via Simple Doctor Blading Tech for Transistor Apps  http://,0,0,0,0
3D Print .com,@3DPrintBoard,2016-07-06T16:43:07.000Z,". @3DHubs  Releases Worldwide  #3DPrinting  Trends Report for July 2016, Format Goes Quarterly https:// -trends-july-2016/ ‚Ä¶",0,0,4,0
Gary Weston,@GaryWeston11,2016-07-06T19:17:21.000Z,Morpheus is the Future of Tech and Design -  3D Printing  Industry  http://,0,0,0,0
Fozz,@Fozz3,2016-07-06T18:22:07.000Z,"""Curve Appeal"" will be globe's first Freeform  3D printed  house  http://",0,0,0,0
United Surface Prep,@UnitedSurfPrep,2016-07-06T18:05:30.000Z,This man built a  #concrete 3D printer . The he built a house.  http://,0,0,0,0
The Maker's Movement,@MAKERS_MOVEMENT,2016-07-06T16:14:30.000Z,3D printed  drug pioneer Aprecia secures $30M to develop more...  http://,0,0,0,0
All3DP,@All3DP,2016-07-06T18:16:08.000Z,"""Grandma will LOVE this!"" Prince Harry Witnesses  3D Printed  Race Karts in Action  https:// d-printed-race-karts/ ‚Ä¶ #Ultimaker",0,6,5,0
UCSD Engineering,@UCSDJacobs,2016-07-06T17:43:07.000Z,. @EngrWorldHealth  &  @GlobalTIES @UCSanDiego  created a  3D-printed  device to monitor viral load in HIV patients in MX  http://,0,0,0,0
sheila oneil,@sheilamoneil,2016-07-06T18:52:05.000Z,Bypass the  #IoT  by interconnecting through  3D printing .  @autodeskchannel @3DPrint_com http://,0,0,0,0
Charles Russo,@Charles_M_Russo,2016-07-06T17:06:24.000Z,Juno Took  3D Printed  Parts Further Into Space Than Ever  #3dprinting http:// es/a21687/junos-the-first-spacecraft-with-3d-printed-parts/ ‚Ä¶,0,0,0,0
Moulds & Plastics,@MouldsPlastics,2016-07-06T17:09:23.000Z,"UK Defense Firm BAE Systems Wants to ‚ÄúGrow‚Äù Drones in Vats with Chemical  3D Printing :

While  3D printing  could eve‚Ä¶  http://",0,0,0,0
Hollywood 3D Printing,@Hlywd3DPrinting,2016-07-06T18:50:49.000Z,"It's not yet  #Thursday , but here's a bit of a  #throwback  to  #3Dprinting @AnthonyPhills #bookcover  design",0,0,0,0
3D Printing Alerts,@3DPrintAlerts,2016-07-06T16:06:09.000Z,20 Best 3D Printers 2016 (July Up...  https:// r/ ‚Ä¶ See all:  https:// #3dprinting @ultimaker,0,0,0,0
3Ders.org 3D Printing News,@3dersorg,2016-07-06T18:55:29.000Z,Alcoa opens  3D printing  metal powder plant in Pittsburgh http:// 706-alcoa-opens-3d-printing-metal-powder-plant-in-pittsburgh.html ‚Ä¶ #3dprinting,0,5,10,0
3DHouses,@3DHousesdotcom,2016-07-06T17:06:00.000Z,#News  UK Defense Firm BAE Systems Wants to ‚ÄúGrow‚Äù Drones in Vats with Chemical  3D Printing ...  http:// #3DPrinting #House,0,0,0,0
Khalid Tayar,@Khalid_Tayar,2016-07-06T19:03:22.000Z,Alcoa opens  3D printing  metal powder plant in Pittsburgh  https://,0,0,0,0
